     ,id   ,type
   0 ,   0 ,dataset
   1 ,   1 ,dataset
   2 ,   2 ,dataset
   3 ,   3 ,dataset
   5 ,   5 ,dataset
   7 ,   7 ,dataset
   8 ,   8 ,dataset
   9 ,   9 ,dataset
  10 ,  10 ,dataset
  11 ,  11 ,dataset
  12 ,  12 ,dataset
  13 ,  13 ,dataset
  14 ,  14 ,dataset
  15 ,  15 ,dataset
  16 ,  16 ,dataset
  17 ,  17 ,dataset
  18 ,  18 ,dataset
  19 ,  19 ,dataset
  20 ,  20 ,dataset
  21 ,  21 ,dataset
  22 ,  22 ,dataset
  23 ,  23 ,dataset
  24 ,  24 ,dataset
  25 ,  25 ,dataset
  26 ,  26 ,dataset
  27 ,  27 ,dataset
  28 ,  28 ,dataset
  29 ,  29 ,dataset
  30 ,  30 ,dataset
  31 ,  31 ,dataset
  32 ,  32 ,dataset
  33 ,  33 ,dataset
  34 ,  34 ,dataset
  35 ,  35 ,dataset
  36 ,  36 ,dataset
  37 ,  37 ,dataset
  38 ,  38 ,dataset
  39 ,  39 ,dataset
  40 ,  40 ,dataset
  41 ,  41 ,dataset
  42 ,  42 ,dataset
  43 ,  43 ,dataset
  44 ,  44 ,dataset
  45 ,  45 ,dataset
  46 ,  46 ,dataset
  47 ,  47 ,dataset
  48 ,  48 ,dataset
  49 ,  49 ,dataset
  50 ,  50 ,dataset
  51 ,  51 ,dataset
  52 ,  52 ,dataset
  53 ,  53 ,dataset
  54 ,  54 ,dataset
  55 ,  55 ,dataset
  56 ,  56 ,dataset
  57 ,  57 ,dataset
  58 ,  58 ,dataset
  59 ,  59 ,dataset
  60 ,  60 ,dataset
  61 ,  61 ,dataset
  62 ,  62 ,dataset
  63 ,  63 ,dataset
  64 ,  64 ,dataset
  65 ,  65 ,dataset
  66 ,  66 ,dataset
  67 ,  67 ,dataset
  68 ,  68 ,dataset
  69 ,  69 ,dataset
  70 ,  70 ,dataset
  71 ,  71 ,dataset
  72 ,  72 ,dataset
  73 ,  73 ,dataset
  74 ,  74 ,dataset
  75 ,  75 ,dataset
  76 ,  76 ,dataset
  77 ,  77 ,dataset
  78 ,  78 ,dataset
  79 ,  79 ,dataset
  80 ,  80 ,dataset
  81 ,  81 ,dataset
  82 ,  82 ,dataset
  83 ,  83 ,dataset
  85 ,  85 ,dataset
  86 ,  86 ,dataset
  87 ,  87 ,dataset
  88 ,  88 ,dataset
  89 ,  89 ,dataset
  90 ,  90 ,dataset
  91 ,  91 ,dataset
  93 ,  93 ,dataset
  94 ,  94 ,dataset
  95 ,  95 ,dataset
  96 ,  96 ,dataset
  97 ,  97 ,dataset
  98 ,  98 ,dataset
  99 ,  99 ,dataset
 100 , 100 ,dataset
 101 , 101 ,dataset
 102 , 102 ,dataset
 103 , 103 ,dataset
 104 , 104 ,dataset
 105 , 105 ,dataset
 106 , 106 ,dataset
 107 , 107 ,dataset
 108 , 108 ,dataset
 109 , 109 ,dataset
 110 , 110 ,dataset
 111 , 111 ,dataset
 112 , 112 ,dataset
 113 , 113 ,dataset
 114 , 114 ,dataset
 115 , 115 ,dataset
 116 , 116 ,dataset
 117 , 117 ,dataset
 118 , 118 ,dataset
 131 , 131 ,dataset
 132 , 132 ,dataset
 133 , 133 ,dataset
 134 , 134 ,dataset
 135 , 135 ,dataset
 136 , 136 ,dataset
 137 , 137 ,dataset
 138 , 138 ,dataset
 139 , 139 ,dataset
 140 , 140 ,dataset
 141 , 141 ,dataset
 142 , 142 ,dataset
 143 , 143 ,dataset
 144 , 144 ,dataset
 145 , 145 ,dataset
 147 , 147 ,dataset
 148 , 148 ,dataset
 149 , 149 ,dataset
 150 , 150 ,dataset
 151 , 151 ,dataset
 152 , 152 ,dataset
 153 , 153 ,dataset
 154 , 154 ,dataset
 155 , 155 ,dataset
 156 , 156 ,dataset
 157 , 157 ,dataset
 158 , 158 ,dataset
 159 , 159 ,dataset
 160 , 160 ,dataset
 161 , 161 ,dataset
 162 , 162 ,dataset
 163 , 163 ,dataset
 164 , 164 ,dataset
 165 , 165 ,dataset
 166 , 166 ,dataset
 167 , 167 ,dataset
 168 , 168 ,dataset
 169 , 169 ,dataset
 170 , 170 ,dataset
 171 , 171 ,dataset
 172 , 172 ,dataset
 173 , 173 ,dataset
 174 , 174 ,dataset
 175 , 175 ,dataset
 176 , 176 ,dataset
 178 , 178 ,dataset
 179 , 179 ,dataset
 180 , 180 ,dataset
 181 , 181 ,dataset
 182 , 182 ,dataset
 183 , 183 ,dataset
 184 , 184 ,dataset
 185 , 185 ,dataset
 188 , 188 ,dataset
 189 , 189 ,dataset
 190 , 190 ,dataset
 191 , 191 ,dataset
 192 , 192 ,dataset
 193 , 193 ,dataset
 194 , 194 ,dataset
 195 , 195 ,dataset
 196 , 196 ,dataset
 197 , 197 ,dataset
 198 , 198 ,dataset
 199 , 199 ,dataset
 200 , 200 ,dataset
 201 , 201 ,dataset
 202 , 202 ,dataset
 203 , 203 ,dataset
 204 , 204 ,dataset
 205 , 205 ,dataset
 206 , 206 ,dataset
 207 , 207 ,dataset
 208 , 208 ,dataset
 209 , 209 ,dataset
 210 , 210 ,dataset
 211 , 211 ,dataset
 212 , 212 ,dataset
 213 , 213 ,dataset
 214 , 214 ,dataset
 215 , 215 ,dataset
 216 , 216 ,dataset
 217 , 217 ,dataset
 218 , 218 ,dataset
 219 , 219 ,dataset
 220 , 220 ,dataset
 221 , 221 ,dataset
 222 , 222 ,dataset
 223 , 223 ,dataset
 224 , 224 ,dataset
 225 , 225 ,dataset
 226 , 226 ,dataset
 227 , 227 ,dataset
 228 , 228 ,dataset
 229 , 229 ,dataset
 230 , 230 ,dataset
 231 , 231 ,dataset
 232 , 232 ,dataset
 233 , 233 ,dataset
 234 , 234 ,dataset
 235 , 235 ,dataset
 236 , 236 ,dataset
 237 , 237 ,dataset
 238 , 238 ,dataset
 239 , 239 ,dataset
 240 , 240 ,dataset
 241 , 241 ,dataset
 242 , 242 ,dataset
 243 , 243 ,dataset
 244 , 244 ,dataset
 245 , 245 ,dataset
 246 , 246 ,dataset
 247 , 247 ,dataset
 248 , 248 ,dataset
 249 , 249 ,dataset
 250 , 250 ,dataset
 251 , 251 ,dataset
 252 , 252 ,dataset
 253 , 253 ,dataset
 254 , 254 ,dataset
 255 , 255 ,dataset
 256 , 256 ,dataset
 257 , 257 ,dataset
 258 , 258 ,dataset
 259 , 259 ,dataset
 260 , 260 ,dataset
 261 , 261 ,dataset
 262 , 262 ,dataset
 263 , 263 ,dataset
 264 , 264 ,dataset
 265 , 265 ,dataset
 266 , 266 ,dataset
 267 , 267 ,dataset
 268 , 268 ,dataset
 269 , 269 ,dataset
 270 , 270 ,dataset
 271 , 271 ,dataset
 272 , 272 ,dataset
 273 , 273 ,dataset
 274 , 274 ,dataset
 275 , 275 ,dataset
 276 , 276 ,dataset
 277 , 277 ,dataset
 278 , 278 ,dataset
 279 , 279 ,dataset
 280 , 280 ,dataset
 281 , 281 ,dataset
 282 , 282 ,dataset
 283 , 283 ,dataset
 284 , 284 ,dataset
 285 , 285 ,dataset
 286 , 286 ,dataset
 287 , 287 ,dataset
 288 , 288 ,dataset
 289 , 289 ,dataset
 290 , 290 ,dataset
 291 , 291 ,dataset
 292 , 292 ,dataset
 293 , 293 ,dataset
 294 , 294 ,dataset
 295 , 295 ,dataset
 296 , 296 ,dataset
 297 , 297 ,dataset
 298 , 298 ,dataset
 299 , 299 ,dataset
 300 , 300 ,dataset
 301 , 301 ,dataset
 302 , 302 ,dataset
 303 , 303 ,dataset
 304 , 304 ,dataset
 305 , 305 ,dataset
 306 , 306 ,dataset
 307 , 307 ,dataset
 308 , 308 ,dataset
 309 , 309 ,dataset
 310 , 310 ,dataset
 311 , 311 ,dataset
 312 , 312 ,dataset
 313 , 313 ,dataset
 314 , 314 ,dataset
 315 , 315 ,dataset
 316 , 316 ,dataset
 317 , 317 ,dataset
 318 , 318 ,dataset
 319 , 319 ,dataset
 320 , 320 ,dataset
 321 , 321 ,dataset
 322 , 322 ,dataset
 323 , 323 ,dataset
 324 , 324 ,dataset
 325 , 325 ,dataset
 326 , 326 ,dataset
 327 , 327 ,dataset
 328 , 328 ,dataset
 329 , 329 ,dataset
 330 , 330 ,dataset
 331 , 331 ,dataset
 332 , 332 ,dataset
 333 , 333 ,dataset
 334 , 334 ,dataset
 335 , 335 ,dataset
 336 , 336 ,dataset
 337 , 337 ,dataset
 338 , 338 ,dataset
 339 , 339 ,dataset
 340 , 340 ,dataset
 341 , 341 ,dataset
 342 , 342 ,dataset
 343 , 343 ,dataset
 344 , 344 ,dataset
 345 , 345 ,dataset
 346 , 346 ,dataset
 347 , 347 ,dataset
 348 , 348 ,dataset
 349 , 349 ,dataset
 350 , 350 ,dataset
 351 , 351 ,dataset
 352 , 352 ,dataset
 353 , 353 ,dataset
 354 , 354 ,dataset
 355 , 355 ,dataset
 356 , 356 ,dataset
 357 , 357 ,dataset
 358 , 358 ,dataset
 359 , 359 ,dataset
 360 , 360 ,dataset
 361 , 361 ,dataset
 362 , 362 ,dataset
 363 , 363 ,dataset
 364 , 364 ,dataset
 365 , 365 ,dataset
 366 , 366 ,dataset
 367 , 367 ,dataset
 368 , 368 ,dataset
 369 , 369 ,dataset
 370 , 370 ,dataset
 371 , 371 ,dataset
 372 , 372 ,dataset
 373 , 373 ,dataset
 374 , 374 ,dataset
 375 , 375 ,dataset
 376 , 376 ,dataset
 377 , 377 ,dataset
 378 , 378 ,dataset
 379 , 379 ,dataset
 380 , 380 ,dataset
 381 , 381 ,dataset
 382 , 382 ,dataset
 383 , 383 ,dataset
 384 , 384 ,dataset
 385 , 385 ,dataset
 386 , 386 ,dataset
 387 , 387 ,dataset
 388 , 388 ,dataset
 389 , 389 ,dataset
 390 , 390 ,dataset
 391 , 391 ,dataset
 392 , 392 ,dataset
 393 , 393 ,dataset
 394 , 394 ,dataset
 395 , 395 ,dataset
 397 , 397 ,dataset
 398 , 398 ,dataset
 400 , 400 ,dataset
 401 , 401 ,dataset
 403 , 403 ,dataset
 407 , 407 ,dataset
 408 , 408 ,dataset
 409 , 409 ,dataset
 412 , 412 ,dataset
 414 , 414 ,dataset
 415 , 415 ,dataset
 417 , 417 ,dataset
 418 , 418 ,dataset
 420 , 420 ,dataset
 421 , 421 ,dataset
 423 , 423 ,dataset
 424 , 424 ,dataset
 426 , 426 ,dataset
 427 , 427 ,dataset
 431 , 431 ,dataset
 432 , 432 ,dataset
 433 , 433 ,dataset
 434 , 434 ,dataset
 435 , 435 ,dataset
 436 , 436 ,dataset
 437 , 437 ,dataset
 439 , 439 ,dataset
 440 , 440 ,dataset
 443 , 443 ,dataset
 444 , 444 ,dataset
 446 , 446 ,dataset
 447 , 447 ,dataset
 448 , 448 ,dataset
 449 , 449 ,dataset
 450 , 450 ,dataset
 451 , 451 ,dataset
 452 , 452 ,dataset
 453 , 453 ,dataset
 454 , 454 ,dataset
 455 , 455 ,dataset
 456 , 456 ,dataset
 457 , 457 ,dataset
 458 , 458 ,dataset
 459 , 459 ,dataset
 460 , 460 ,dataset
 461 , 461 ,dataset
 463 , 463 ,dataset
 464 , 464 ,dataset
 466 , 466 ,dataset
 467 , 467 ,dataset
 468 , 468 ,dataset
 469 , 469 ,dataset
 470 , 470 ,dataset
 471 , 471 ,dataset
 472 , 472 ,dataset
 473 , 473 ,dataset
 474 , 474 ,dataset
 475 , 475 ,dataset
 476 , 476 ,dataset
 477 , 477 ,dataset
 478 , 478 ,dataset
 479 , 479 ,dataset
 480 , 480 ,dataset
 481 , 481 ,dataset
 482 , 482 ,dataset
 483 , 483 ,dataset
 484 , 484 ,dataset
 485 , 485 ,dataset
 486 , 486 ,dataset
 487 , 487 ,dataset
 488 , 488 ,dataset
 489 , 489 ,dataset
 490 , 490 ,dataset
 491 , 491 ,dataset
 492 , 492 ,dataset
 493 , 493 ,dataset
 494 , 494 ,dataset
 495 , 495 ,dataset
 496 , 496 ,dataset
 497 , 497 ,dataset
 498 , 498 ,dataset
 499 , 499 ,dataset
 500 , 500 ,dataset
 501 , 501 ,dataset
 502 , 502 ,dataset
 503 , 503 ,dataset
 504 , 504 ,dataset
 505 , 505 ,dataset
 506 , 506 ,dataset
 507 , 507 ,dataset
 508 , 508 ,dataset
 509 , 509 ,dataset
 510 , 510 ,dataset
 511 , 511 ,dataset
 512 , 512 ,dataset
 513 , 513 ,dataset
 514 , 514 ,dataset
 515 , 515 ,dataset
 516 , 516 ,dataset
 517 , 517 ,dataset
 518 , 518 ,dataset
 519 , 519 ,dataset
 520 , 520 ,dataset
 521 , 521 ,dataset
 522 , 522 ,dataset
 523 , 523 ,dataset
 524 , 524 ,dataset
 525 , 525 ,dataset
 526 , 526 ,dataset
 527 , 527 ,dataset
 528 , 528 ,dataset
 529 , 529 ,dataset
 530 , 530 ,dataset
 531 , 531 ,dataset
 532 , 532 ,dataset
 533 , 533 ,dataset
 534 , 534 ,dataset
 535 , 535 ,dataset
 536 , 536 ,dataset
 537 , 537 ,dataset
 538 , 538 ,dataset
 539 , 539 ,dataset
 540 , 540 ,dataset
 541 , 541 ,dataset
 542 , 542 ,dataset
 543 , 543 ,dataset
 544 , 544 ,dataset
 545 , 545 ,dataset
 546 , 546 ,dataset
 547 , 547 ,dataset
 548 , 548 ,dataset
 549 , 549 ,dataset
 550 , 550 ,dataset
 551 , 551 ,dataset
 552 , 552 ,dataset
 553 , 553 ,dataset
 554 , 554 ,dataset
 555 , 555 ,dataset
 556 , 556 ,dataset
 557 , 557 ,dataset
 558 , 558 ,dataset
 559 , 559 ,dataset
 560 , 560 ,dataset
 561 , 561 ,dataset
 562 , 562 ,dataset
 563 , 563 ,dataset
 564 , 564 ,dataset
 565 , 565 ,dataset
 566 , 566 ,dataset
 567 , 567 ,dataset
 568 , 568 ,dataset
 569 , 569 ,dataset
 570 , 570 ,dataset
 571 , 571 ,dataset
 572 , 572 ,dataset
 573 , 573 ,dataset
 574 , 574 ,dataset
 575 , 575 ,dataset
 576 , 576 ,dataset
 577 , 577 ,dataset
 578 , 578 ,dataset
 579 , 579 ,dataset
 580 , 580 ,dataset
 581 , 581 ,dataset
 582 , 582 ,dataset
 583 , 583 ,dataset
 584 , 584 ,dataset
 585 , 585 ,dataset
 586 , 586 ,dataset
 587 , 587 ,dataset
 588 , 588 ,dataset
 589 , 589 ,dataset
 590 , 590 ,dataset
 591 , 591 ,dataset
 592 , 592 ,dataset
 593 , 593 ,dataset
 594 , 594 ,dataset
 595 , 595 ,dataset
 596 , 596 ,dataset
 597 , 597 ,dataset
 598 , 598 ,dataset
 599 , 599 ,dataset
 600 , 600 ,dataset
 601 , 601 ,dataset
 602 , 602 ,dataset
 603 , 603 ,dataset
 604 , 604 ,dataset
 605 , 605 ,dataset
 606 , 606 ,dataset
 607 , 607 ,dataset
 608 , 608 ,dataset
 609 , 609 ,dataset
 610 , 610 ,dataset
 611 , 611 ,dataset
 612 , 612 ,dataset
 613 , 613 ,dataset
 614 , 614 ,dataset
 615 , 615 ,dataset
 616 , 616 ,dataset
 617 , 617 ,dataset
 618 , 618 ,dataset
 619 , 619 ,dataset
 620 , 620 ,dataset
 621 , 621 ,dataset
 622 , 622 ,dataset
 623 , 623 ,dataset
 624 , 624 ,dataset
 625 , 625 ,dataset
 626 , 626 ,dataset
 627 , 627 ,dataset
 628 , 628 ,dataset
 629 , 629 ,dataset
 630 , 630 ,dataset
 631 , 631 ,dataset
 632 , 632 ,dataset
 633 , 633 ,dataset
 634 , 634 ,dataset
 635 , 635 ,dataset
 636 , 636 ,dataset
 637 , 637 ,dataset
 638 , 638 ,dataset
 639 , 639 ,dataset
 640 , 640 ,dataset
 641 , 641 ,dataset
 642 , 642 ,dataset
 643 , 643 ,dataset
 644 , 644 ,dataset
 645 , 645 ,dataset
 646 , 646 ,dataset
 647 , 647 ,dataset
 648 , 648 ,dataset
 649 , 649 ,dataset
 650 , 650 ,dataset
 651 , 651 ,dataset
 652 , 652 ,dataset
 653 , 653 ,dataset
 654 , 654 ,dataset
 655 , 655 ,dataset
 656 , 656 ,dataset
 657 , 657 ,dataset
 658 , 658 ,dataset
 659 , 659 ,dataset
 660 , 660 ,dataset
 661 , 661 ,dataset
 662 , 662 ,dataset
 663 , 663 ,dataset
 664 , 664 ,dataset
 665 , 665 ,dataset
 666 , 666 ,dataset
 667 , 667 ,dataset
 668 , 668 ,dataset
 669 , 669 ,dataset
 670 , 670 ,dataset
 671 , 671 ,dataset
 672 , 672 ,dataset
 673 , 673 ,dataset
 674 , 674 ,dataset
 675 , 675 ,dataset
 676 , 676 ,dataset
 677 , 677 ,dataset
 678 , 678 ,dataset
 679 , 679 ,dataset
 680 , 680 ,dataset
 681 , 681 ,dataset
 682 , 682 ,dataset
 683 , 683 ,dataset
 684 , 684 ,dataset
 685 , 685 ,dataset
 686 , 686 ,dataset
 687 , 687 ,dataset
 688 , 688 ,dataset
 689 , 689 ,dataset
 690 , 690 ,dataset
 691 , 691 ,dataset
 692 , 692 ,dataset
 693 , 693 ,dataset
 694 , 694 ,dataset
 695 , 695 ,dataset
 696 , 696 ,dataset
 697 , 697 ,dataset
 698 , 698 ,dataset
 699 , 699 ,dataset
 700 , 700 ,dataset
 701 , 701 ,dataset
 702 , 702 ,dataset
 703 , 703 ,dataset
 704 , 704 ,dataset
 705 , 705 ,dataset
 706 , 706 ,dataset
 707 , 707 ,dataset
 708 , 708 ,dataset
 709 , 709 ,dataset
 710 , 710 ,dataset
 711 , 711 ,dataset
 712 , 712 ,dataset
 713 , 713 ,dataset
 714 , 714 ,dataset
 715 , 715 ,dataset
 716 , 716 ,dataset
 717 , 717 ,dataset
 718 , 718 ,dataset
 719 , 719 ,dataset
 720 , 720 ,dataset
 721 , 721 ,dataset
 722 , 722 ,dataset
 723 , 723 ,dataset
 724 , 724 ,dataset
 725 , 725 ,dataset
 726 , 726 ,dataset
 727 , 727 ,dataset
 728 , 728 ,dataset
 729 , 729 ,dataset
 730 , 730 ,dataset
 731 , 731 ,dataset
 732 , 732 ,dataset
 733 , 733 ,dataset
 734 , 734 ,dataset
 735 , 735 ,dataset
 736 , 736 ,dataset
 737 , 737 ,dataset
 738 , 738 ,dataset
 739 , 739 ,dataset
 740 , 740 ,dataset
 741 , 741 ,dataset
 742 , 742 ,dataset
 743 , 743 ,dataset
 744 , 744 ,dataset
 745 , 745 ,dataset
 746 , 746 ,dataset
 747 , 747 ,dataset
 748 , 748 ,dataset
 749 , 749 ,dataset
 750 , 750 ,dataset
 751 , 751 ,dataset
 752 , 752 ,dataset
 753 , 753 ,dataset
 754 , 754 ,dataset
 755 , 755 ,dataset
 756 , 756 ,dataset
 757 , 757 ,dataset
 758 , 758 ,dataset
 759 , 759 ,dataset
 760 , 760 ,dataset
 761 , 761 ,dataset
 762 , 762 ,dataset
 763 , 763 ,dataset
 764 , 764 ,dataset
 765 , 765 ,dataset
 766 , 766 ,dataset
 767 , 767 ,dataset
 768 , 768 ,dataset
 769 , 769 ,dataset
 770 , 770 ,dataset
 771 , 771 ,dataset
 772 , 772 ,dataset
 773 , 773 ,dataset
 774 , 774 ,dataset
 775 , 775 ,dataset
 776 , 776 ,dataset
 777 , 777 ,dataset
 778 , 778 ,dataset
 779 , 779 ,dataset
 780 , 780 ,dataset
 781 , 781 ,dataset
 782 , 782 ,dataset
 783 , 783 ,dataset
 784 , 784 ,dataset
 785 , 785 ,dataset
 786 , 786 ,dataset
 787 , 787 ,dataset
 788 , 788 ,dataset
 789 , 789 ,dataset
 790 , 790 ,dataset
 791 , 791 ,dataset
 792 , 792 ,dataset
 793 , 793 ,dataset
 794 , 794 ,dataset
 795 , 795 ,dataset
 796 , 796 ,dataset
 797 , 797 ,dataset
 798 , 798 ,dataset
 799 , 799 ,dataset
 800 , 800 ,dataset
 801 , 801 ,dataset
 802 , 802 ,dataset
 803 , 803 ,dataset
 804 , 804 ,dataset
 805 , 805 ,dataset
 806 , 806 ,dataset
 807 , 807 ,dataset
 808 , 808 ,dataset
 809 , 809 ,dataset
 810 , 810 ,dataset
 811 , 811 ,dataset
 812 , 812 ,dataset
 813 , 813 ,dataset
 814 , 814 ,dataset
 815 , 815 ,dataset
 816 , 816 ,dataset
 817 , 817 ,dataset
 818 , 818 ,dataset
 819 , 819 ,dataset
 820 , 820 ,dataset
 821 , 821 ,dataset
 822 , 822 ,dataset
 823 , 823 ,dataset
 824 , 824 ,dataset
 825 , 825 ,dataset
 826 , 826 ,dataset
 827 , 827 ,dataset
 828 , 828 ,dataset
 829 , 829 ,dataset
 830 , 830 ,dataset
 831 , 831 ,dataset
 832 , 832 ,dataset
 833 , 833 ,dataset
 834 , 834 ,dataset
 835 , 835 ,dataset
 836 , 836 ,dataset
 837 , 837 ,dataset
 838 , 838 ,dataset
 839 , 839 ,dataset
 840 , 840 ,dataset
 841 , 841 ,dataset
 842 , 842 ,dataset
 843 , 843 ,dataset
 844 , 844 ,dataset
 845 , 845 ,dataset
 846 , 846 ,dataset
 847 , 847 ,dataset
 848 , 848 ,dataset
 849 , 849 ,dataset
 850 , 850 ,dataset
 851 , 851 ,dataset
 852 , 852 ,dataset
 853 , 853 ,dataset
 854 , 854 ,dataset
 855 , 855 ,dataset
 856 , 856 ,dataset
 857 , 857 ,dataset
 858 , 858 ,dataset
 859 , 859 ,dataset
 860 , 860 ,dataset
 861 , 861 ,dataset
 862 , 862 ,dataset
 863 , 863 ,dataset
 864 , 864 ,dataset
 865 , 865 ,dataset
 866 , 866 ,dataset
 867 , 867 ,dataset
 868 , 868 ,dataset
 869 , 869 ,dataset
 870 , 870 ,dataset
 871 , 871 ,dataset
 872 , 872 ,dataset
 873 , 873 ,dataset
 874 , 874 ,dataset
 875 , 875 ,dataset
 876 , 876 ,dataset
 877 , 877 ,dataset
 878 , 878 ,dataset
 879 , 879 ,dataset
 880 , 880 ,dataset
 881 , 881 ,dataset
 882 , 882 ,dataset
 883 , 883 ,dataset
 884 , 884 ,dataset
 885 , 885 ,dataset
 886 , 886 ,dataset
 887 , 887 ,dataset
 888 , 888 ,dataset
 889 , 889 ,dataset
 890 , 890 ,dataset
 891 , 891 ,dataset
 892 , 892 ,dataset
 893 , 893 ,dataset
 894 , 894 ,dataset
 895 , 895 ,dataset
 896 , 896 ,dataset
 897 , 897 ,dataset
 898 , 898 ,dataset
 899 , 899 ,dataset
 900 , 900 ,dataset
 901 , 901 ,dataset
 902 , 902 ,dataset
 903 , 903 ,dataset
 904 , 904 ,dataset
 905 , 905 ,dataset
 906 , 906 ,dataset
 907 , 907 ,dataset
 908 , 908 ,dataset
 909 , 909 ,dataset
 910 , 910 ,dataset
 911 , 911 ,dataset
 912 , 912 ,dataset
 913 , 913 ,dataset
 914 , 914 ,dataset
 915 , 915 ,dataset
 916 , 916 ,dataset
 917 , 917 ,dataset
 918 , 918 ,dataset
 919 , 919 ,dataset
 920 , 920 ,dataset
 921 , 921 ,dataset
 922 , 922 ,dataset
 923 , 923 ,dataset
 924 , 924 ,dataset
 925 , 925 ,dataset
 926 , 926 ,dataset
 927 , 927 ,dataset
 928 , 928 ,dataset
 929 , 929 ,dataset
 930 , 930 ,dataset
 931 , 931 ,dataset
 932 , 932 ,dataset
 933 , 933 ,dataset
 934 , 934 ,dataset
 935 , 935 ,dataset
 936 , 936 ,dataset
 937 , 937 ,dataset
 938 , 938 ,dataset
 939 , 939 ,dataset
 940 , 940 ,dataset
 941 , 941 ,dataset
 942 , 942 ,dataset
 943 , 943 ,dataset
 944 , 944 ,dataset
 945 , 945 ,dataset
 946 , 946 ,dataset
 947 , 947 ,dataset
 948 , 948 ,dataset
 949 , 949 ,dataset
 950 , 950 ,dataset
 951 , 951 ,dataset
 952 , 952 ,dataset
 953 , 953 ,dataset
 954 , 954 ,dataset
 955 , 955 ,dataset
 956 , 956 ,dataset
 957 , 957 ,dataset
 958 , 958 ,dataset
 959 , 959 ,dataset
 960 , 960 ,dataset
 961 , 961 ,dataset
 962 , 962 ,dataset
 963 , 963 ,dataset
 964 , 964 ,dataset
 965 , 965 ,dataset
 966 , 966 ,dataset
 967 , 967 ,dataset
 968 , 968 ,dataset
 969 , 969 ,dataset
 970 , 970 ,dataset
 971 , 971 ,dataset
 972 , 972 ,dataset
 973 , 973 ,dataset
 974 , 974 ,dataset
 975 , 975 ,dataset
 976 , 976 ,dataset
 977 , 977 ,dataset
 978 , 978 ,dataset
 979 , 979 ,dataset
 980 , 980 ,dataset
 981 , 981 ,dataset
 982 , 982 ,dataset
 983 , 983 ,dataset
 984 , 984 ,dataset
 985 , 985 ,dataset
 986 , 986 ,dataset
 987 , 987 ,dataset
 988 , 988 ,dataset
 989 , 989 ,dataset
 990 , 990 ,dataset
 991 , 991 ,dataset
 992 , 992 ,dataset
 993 , 993 ,dataset
 994 , 994 ,dataset
 995 , 995 ,dataset
 996 , 996 ,dataset
 997 , 997 ,dataset
 998 , 998 ,dataset
 999 , 999 ,dataset
1000 ,1000 ,dataset
1001 ,1001 ,dataset
1002 ,1002 ,dataset
1003 ,1003 ,dataset
1004 ,1004 ,dataset
1005 ,1005 ,dataset
1006 ,1006 ,dataset
1007 ,1007 ,dataset
1008 ,1008 ,dataset
1009 ,1009 ,dataset
1010 ,1010 ,dataset
1011 ,1011 ,dataset
1012 ,1012 ,dataset
1013 ,1013 ,dataset
1014 ,1014 ,dataset
1015 ,1015 ,dataset
1016 ,1016 ,dataset
1017 ,1017 ,dataset
1018 ,1018 ,dataset
1019 ,1019 ,dataset
1021 ,1021 ,dataset
1022 ,1022 ,dataset
1023 ,1023 ,dataset
1024 ,1024 ,dataset
1025 ,1025 ,dataset
1026 ,1026 ,dataset
1027 ,1027 ,dataset
1028 ,1028 ,dataset
1029 ,1029 ,dataset
1030 ,1030 ,dataset
1031 ,1031 ,dataset
1032 ,1032 ,dataset
1033 ,1033 ,dataset
1034 ,1034 ,dataset
1035 ,1035 ,dataset
1036 ,1036 ,dataset
1037 ,1037 ,dataset
1038 ,1038 ,dataset
1039 ,1039 ,dataset
1040 ,1040 ,dataset
1041 ,1041 ,dataset
1042 ,1042 ,dataset
1043 ,1043 ,dataset
1044 ,1044 ,dataset
1045 ,1045 ,dataset
1046 ,1046 ,dataset
1047 ,1047 ,dataset
1048 ,1048 ,dataset
1049 ,1049 ,dataset
1050 ,1050 ,dataset
1051 ,1051 ,dataset
1052 ,1052 ,dataset
1053 ,1053 ,dataset
1054 ,1054 ,dataset
1055 ,1055 ,dataset
1056 ,1056 ,dataset
1057 ,1057 ,dataset
1058 ,1058 ,dataset
1059 ,1059 ,dataset
1060 ,1060 ,dataset
1061 ,1061 ,dataset
1062 ,1062 ,dataset
1063 ,1063 ,dataset
1064 ,1064 ,dataset
1065 ,1065 ,dataset
1066 ,1066 ,dataset
1067 ,1067 ,dataset
1068 ,1068 ,dataset
1069 ,1069 ,dataset
1070 ,1070 ,dataset
1071 ,1071 ,dataset
1072 ,1072 ,dataset
1073 ,1073 ,dataset
1074 ,1074 ,dataset
1075 ,1075 ,dataset
1076 ,1076 ,dataset
1077 ,1077 ,dataset
1078 ,1078 ,dataset
1079 ,1079 ,dataset
1080 ,1080 ,dataset
1081 ,1081 ,dataset
1082 ,1082 ,dataset
1083 ,1083 ,dataset
1084 ,1084 ,dataset
1085 ,1085 ,dataset
1086 ,1086 ,dataset
1087 ,1087 ,dataset
1088 ,1088 ,dataset
1089 ,1089 ,dataset
1090 ,1090 ,dataset
1091 ,1091 ,dataset
1092 ,1092 ,dataset
1093 ,1093 ,dataset
1094 ,1094 ,dataset
1095 ,1095 ,dataset
1096 ,1096 ,dataset
1097 ,1097 ,dataset
1098 ,1098 ,dataset
1099 ,1099 ,dataset
1100 ,1100 ,dataset
1101 ,1101 ,dataset
1102 ,1102 ,dataset
1103 ,1103 ,dataset
1104 ,1104 ,dataset
1105 ,1105 ,dataset
1106 ,1106 ,dataset
1107 ,1107 ,dataset
1108 ,1108 ,dataset
1109 ,1109 ,dataset
1110 ,1110 ,dataset
1111 ,1111 ,dataset
1112 ,1112 ,dataset
1113 ,1113 ,dataset
1114 ,1114 ,dataset
1115 ,1115 ,dataset
1116 ,1116 ,dataset
1117 ,1117 ,dataset
1118 ,1118 ,dataset
1119 ,1119 ,dataset
1120 ,1120 ,dataset
1121 ,1121 ,dataset
1122 ,1122 ,dataset
1123 ,1123 ,dataset
1124 ,1124 ,dataset
1125 ,1125 ,dataset
1126 ,1126 ,dataset
1127 ,1127 ,dataset
1128 ,1128 ,dataset
1129 ,1129 ,dataset
1130 ,1130 ,dataset
1131 ,1131 ,dataset
1132 ,1132 ,dataset
1133 ,1133 ,dataset
1134 ,1134 ,dataset
1135 ,1135 ,dataset
1136 ,1136 ,dataset
1137 ,1137 ,dataset
1138 ,1138 ,dataset
1139 ,1139 ,dataset
1140 ,1140 ,dataset
1141 ,1141 ,dataset
1142 ,1142 ,dataset
1143 ,1143 ,dataset
1144 ,1144 ,dataset
1145 ,1145 ,dataset
1146 ,1146 ,dataset
1147 ,1147 ,dataset
1148 ,1148 ,dataset
1149 ,1149 ,dataset
1150 ,1150 ,dataset
1151 ,1151 ,dataset
1152 ,1152 ,dataset
1153 ,1153 ,dataset
1154 ,1154 ,dataset
1155 ,1155 ,dataset
1156 ,1156 ,dataset
1157 ,1157 ,dataset
1158 ,1158 ,dataset
1159 ,1159 ,dataset
1160 ,1160 ,dataset
1161 ,1161 ,dataset
1162 ,1162 ,dataset
1163 ,1163 ,dataset
1164 ,1164 ,dataset
1165 ,1165 ,dataset
1166 ,1166 ,dataset
1167 ,1167 ,dataset
1168 ,1168 ,dataset
1169 ,1169 ,dataset
1170 ,1170 ,dataset
1171 ,1171 ,dataset
1172 ,1172 ,dataset
1173 ,1173 ,dataset
1174 ,1174 ,dataset
1175 ,1175 ,dataset
1176 ,1176 ,dataset
1177 ,1177 ,dataset
1178 ,1178 ,dataset
1179 ,1179 ,dataset
1180 ,1180 ,dataset
1181 ,1181 ,dataset
1182 ,1182 ,dataset
1183 ,1183 ,dataset
1184 ,1184 ,dataset
1185 ,1185 ,dataset
1186 ,1186 ,dataset
1187 ,1187 ,dataset
1188 ,1188 ,dataset
1189 ,1189 ,dataset
1190 ,1190 ,dataset
1191 ,1191 ,dataset
1192 ,1192 ,dataset
1193 ,1193 ,dataset
1194 ,1194 ,dataset
1195 ,1195 ,dataset
1196 ,1196 ,dataset
1197 ,1197 ,dataset
1198 ,1198 ,dataset
1199 ,1199 ,dataset
1200 ,1200 ,dataset
1201 ,1201 ,dataset
1202 ,1202 ,dataset
1203 ,1203 ,dataset
1204 ,1204 ,dataset
1205 ,1205 ,dataset
1207 ,1207 ,dataset
1208 ,1208 ,dataset
1209 ,1209 ,dataset
1210 ,1210 ,dataset
1211 ,1211 ,dataset
1213 ,1213 ,dataset
1214 ,1214 ,dataset
1215 ,1215 ,dataset
1216 ,1216 ,dataset
1218 ,1218 ,dataset
1219 ,1219 ,dataset
1220 ,1220 ,dataset
1221 ,1221 ,dataset
1222 ,1222 ,dataset
1223 ,1223 ,dataset
1224 ,1224 ,dataset
1225 ,1225 ,dataset
1226 ,1226 ,dataset
1227 ,1227 ,dataset
1228 ,1228 ,dataset
1233 ,1233 ,dataset
1236 ,1236 ,dataset
1238 ,1238 ,dataset
1239 ,1239 ,dataset
1240 ,1240 ,dataset
1241 ,1241 ,dataset
1242 ,1242 ,dataset
1243 ,1243 ,dataset
1244 ,1244 ,dataset
1245 ,1245 ,dataset
1246 ,1246 ,dataset
1247 ,1247 ,dataset
1248 ,1248 ,dataset
1249 ,1249 ,dataset
1250 ,1250 ,dataset
1252 ,1252 ,dataset
1253 ,1253 ,dataset
1254 ,1254 ,dataset
1257 ,1257 ,dataset
1258 ,1258 ,dataset
1259 ,1259 ,dataset
1260 ,1260 ,dataset
1261 ,1261 ,dataset
1262 ,1262 ,dataset
1263 ,1263 ,dataset
1264 ,1264 ,dataset
1265 ,1265 ,dataset
1266 ,1266 ,dataset
1267 ,1267 ,dataset
1268 ,1268 ,dataset
1269 ,1269 ,dataset
1270 ,1270 ,dataset
1271 ,1271 ,dataset
1272 ,1272 ,dataset
1273 ,1273 ,dataset
1279 ,1279 ,dataset
1280 ,1280 ,dataset
1281 ,1281 ,dataset
1282 ,1282 ,dataset
1283 ,1283 ,dataset
1284 ,1284 ,dataset
1285 ,1285 ,dataset
1286 ,1286 ,dataset
1287 ,1287 ,dataset
1288 ,1288 ,dataset
1289 ,1289 ,dataset
1290 ,1290 ,dataset
1291 ,1291 ,dataset
1292 ,1292 ,dataset
1293 ,1293 ,dataset
1294 ,1294 ,dataset
1295 ,1295 ,dataset
1296 ,1296 ,dataset
1297 ,1297 ,dataset
1298 ,1298 ,dataset
1299 ,1299 ,dataset
1300 ,1300 ,dataset
1301 ,1301 ,dataset
1302 ,1302 ,dataset
1303 ,1303 ,dataset
1304 ,1304 ,dataset
1305 ,1305 ,dataset
1306 ,1306 ,dataset
1307 ,1307 ,dataset
1308 ,1308 ,dataset
1309 ,1309 ,dataset
1310 ,1310 ,dataset
1311 ,1311 ,dataset
1312 ,1312 ,dataset
1313 ,1313 ,dataset
1314 ,1314 ,dataset
1315 ,1315 ,dataset
1316 ,1316 ,dataset
1317 ,1317 ,dataset
1318 ,1318 ,dataset
1319 ,1319 ,dataset
1320 ,1320 ,dataset
1321 ,1321 ,dataset
1322 ,1322 ,dataset
1323 ,1323 ,dataset
1324 ,1324 ,dataset
1325 ,1325 ,dataset
1326 ,1326 ,dataset
1327 ,1327 ,dataset
1328 ,1328 ,dataset
1329 ,1329 ,dataset
1330 ,1330 ,dataset
1331 ,1331 ,dataset
1332 ,1332 ,dataset
1333 ,1333 ,dataset
1334 ,1334 ,dataset
1335 ,1335 ,dataset
1336 ,1336 ,dataset
1337 ,1337 ,dataset
1338 ,1338 ,dataset
1339 ,1339 ,dataset
1340 ,1340 ,dataset
1341 ,1341 ,dataset
1342 ,1342 ,dataset
1343 ,1343 ,dataset
1344 ,1344 ,dataset
1345 ,1345 ,dataset
1346 ,1346 ,dataset
1347 ,1347 ,dataset
1348 ,1348 ,dataset
1349 ,1349 ,dataset
1350 ,1350 ,dataset
1351 ,1351 ,dataset
1352 ,1352 ,dataset
1353 ,1353 ,dataset
1354 ,1354 ,dataset
1355 ,1355 ,dataset
1356 ,1356 ,dataset
1357 ,1357 ,dataset
1358 ,1358 ,dataset
1359 ,1359 ,dataset
1360 ,1360 ,dataset
1361 ,1361 ,dataset
1362 ,1362 ,dataset
1363 ,1363 ,dataset
1364 ,1364 ,dataset
1365 ,1365 ,dataset
1366 ,1366 ,dataset
1367 ,1367 ,dataset
1368 ,1368 ,dataset
1369 ,1369 ,dataset
1370 ,1370 ,dataset
1371 ,1371 ,dataset
1372 ,1372 ,dataset
1373 ,1373 ,dataset
1374 ,1374 ,dataset
1375 ,1375 ,dataset
1376 ,1376 ,dataset
1377 ,1377 ,dataset
1378 ,1378 ,dataset
1379 ,1379 ,dataset
1380 ,1380 ,dataset
1381 ,1381 ,dataset
1382 ,1382 ,dataset
1383 ,1383 ,dataset
1390 ,1390 ,dataset
1391 ,1391 ,dataset
1392 ,1392 ,dataset
1393 ,1393 ,dataset
1394 ,1394 ,dataset
1395 ,1395 ,dataset
1396 ,1396 ,dataset
1397 ,1397 ,dataset
1398 ,1398 ,dataset
1399 ,1399 ,dataset
1400 ,1400 ,dataset
1401 ,1401 ,dataset
1402 ,1402 ,dataset
1403 ,1403 ,dataset
1404 ,1404 ,dataset
1405 ,1405 ,dataset
1406 ,1406 ,dataset
1407 ,1407 ,dataset
1408 ,1408 ,dataset
1409 ,1409 ,dataset
1410 ,1410 ,dataset
1411 ,1411 ,dataset
1412 ,1412 ,dataset
1413 ,1413 ,dataset
1414 ,1414 ,dataset
1415 ,1415 ,dataset
1416 ,1416 ,dataset
1417 ,1417 ,dataset
1418 ,1418 ,dataset
1419 ,1419 ,dataset
1420 ,1420 ,dataset
1421 ,1421 ,dataset
1422 ,1422 ,dataset
1423 ,1423 ,dataset
1424 ,1424 ,dataset
1425 ,1425 ,dataset
1426 ,1426 ,dataset
1427 ,1427 ,dataset
1428 ,1428 ,dataset
1429 ,1429 ,dataset
1430 ,1430 ,dataset
1431 ,1431 ,dataset
1432 ,1432 ,dataset
1433 ,1433 ,dataset
1434 ,1434 ,dataset
1435 ,1435 ,dataset
1436 ,1436 ,dataset
1437 ,1437 ,dataset
1438 ,1438 ,dataset
1439 ,1439 ,dataset
1440 ,1440 ,dataset
1441 ,1441 ,dataset
1442 ,1442 ,dataset
1443 ,1443 ,dataset
1444 ,1444 ,dataset
1445 ,1445 ,dataset
1446 ,1446 ,dataset
1447 ,1447 ,dataset
1448 ,1448 ,dataset
1449 ,1449 ,dataset
1450 ,1450 ,dataset
1451 ,1451 ,dataset
1452 ,1452 ,dataset
1453 ,1453 ,dataset
1454 ,1454 ,dataset
1455 ,1455 ,dataset
1456 ,1456 ,dataset
1457 ,1457 ,dataset
1458 ,1458 ,dataset
1459 ,1459 ,dataset
1460 ,1460 ,dataset
1461 ,1461 ,dataset
1462 ,1462 ,dataset
1463 ,1463 ,dataset
1464 ,1464 ,dataset
1465 ,1465 ,dataset
1466 ,1466 ,dataset
1467 ,1467 ,dataset
1468 ,1468 ,dataset
1469 ,1469 ,dataset
1470 ,1470 ,dataset
1471 ,1471 ,dataset
1472 ,1472 ,dataset
1473 ,1473 ,dataset
1474 ,1474 ,dataset
1475 ,1475 ,dataset
1476 ,1476 ,dataset
1477 ,1477 ,dataset
1478 ,1478 ,dataset
1479 ,1479 ,dataset
1480 ,1480 ,dataset
1481 ,1481 ,dataset
1482 ,1482 ,dataset
1483 ,1483 ,dataset
1484 ,1484 ,dataset
1485 ,1485 ,dataset
1486 ,1486 ,dataset
1487 ,1487 ,dataset
1488 ,1488 ,dataset
1489 ,1489 ,dataset
1490 ,1490 ,dataset
1491 ,1491 ,dataset
1492 ,1492 ,dataset
1493 ,1493 ,dataset
1494 ,1494 ,dataset
1495 ,1495 ,dataset
1496 ,1496 ,dataset
1497 ,1497 ,dataset
1498 ,1498 ,dataset
1499 ,1499 ,dataset
1500 ,1500 ,dataset
1501 ,1501 ,dataset
1502 ,1502 ,dataset
1503 ,1503 ,dataset
1504 ,1504 ,dataset
1505 ,1505 ,dataset
1506 ,1506 ,dataset
1507 ,1507 ,dataset
1508 ,1508 ,dataset
1509 ,1509 ,dataset
1510 ,1510 ,dataset
1511 ,1511 ,dataset
1512 ,1512 ,dataset
1513 ,1513 ,dataset
1514 ,1514 ,dataset
1515 ,1515 ,dataset
1516 ,1516 ,dataset
1517 ,1517 ,dataset
1518 ,1518 ,dataset
1519 ,1519 ,dataset
1520 ,1520 ,dataset
1521 ,1521 ,dataset
1522 ,1522 ,dataset
1523 ,1523 ,dataset
1524 ,1524 ,dataset
1525 ,1525 ,dataset
1526 ,1526 ,dataset
1527 ,1527 ,dataset
1528 ,1528 ,dataset
1529 ,1529 ,dataset
1530 ,1530 ,dataset
1531 ,1531 ,dataset
1532 ,1532 ,dataset
1533 ,1533 ,dataset
1534 ,1534 ,dataset
1535 ,1535 ,dataset
1536 ,1536 ,dataset
1537 ,1537 ,dataset
1538 ,1538 ,dataset
1539 ,1539 ,dataset
1540 ,1540 ,dataset
1541 ,1541 ,dataset
1542 ,1542 ,dataset
1543 ,1543 ,dataset
1544 ,1544 ,dataset
1545 ,1545 ,dataset
1546 ,1546 ,dataset
1547 ,1547 ,dataset
1548 ,1548 ,dataset
1549 ,1549 ,dataset
1550 ,1550 ,dataset
1551 ,1551 ,dataset
1552 ,1552 ,dataset
1553 ,1553 ,dataset
1554 ,1554 ,dataset
1555 ,1555 ,dataset
1556 ,1556 ,dataset
1557 ,1557 ,dataset
1558 ,1558 ,dataset
1559 ,1559 ,dataset
1560 ,1560 ,dataset
1561 ,1561 ,dataset
1562 ,1562 ,dataset
1563 ,1563 ,dataset
1564 ,1564 ,dataset
1565 ,1565 ,dataset
1566 ,1566 ,dataset
1567 ,1567 ,dataset
1568 ,1568 ,dataset
1569 ,1569 ,dataset
1570 ,1570 ,dataset
1571 ,1571 ,dataset
1572 ,1572 ,dataset
1573 ,1573 ,dataset
1574 ,1574 ,dataset
1575 ,1575 ,dataset
1576 ,1576 ,dataset
1577 ,1577 ,dataset
1578 ,1578 ,dataset
1579 ,1579 ,dataset
1580 ,1580 ,dataset
1581 ,1581 ,dataset
1582 ,1582 ,dataset
1583 ,1583 ,dataset
1584 ,1584 ,dataset
1585 ,1585 ,dataset
1586 ,1586 ,dataset
1587 ,1587 ,dataset
1588 ,1588 ,dataset
1589 ,1589 ,dataset
1590 ,1590 ,dataset
1591 ,1591 ,dataset
1592 ,1592 ,dataset
1593 ,1593 ,dataset
1594 ,1594 ,dataset
1595 ,1595 ,dataset
1596 ,1596 ,dataset
1597 ,1597 ,dataset
1598 ,1598 ,dataset
1599 ,1599 ,dataset
1600 ,1600 ,dataset
1601 ,1601 ,dataset
1602 ,1602 ,dataset
1603 ,1603 ,dataset
1604 ,1604 ,dataset
1605 ,1605 ,dataset
1606 ,1606 ,dataset
1607 ,1607 ,dataset
1608 ,1608 ,dataset
1609 ,1609 ,dataset
1610 ,1610 ,dataset
1611 ,1611 ,dataset
1612 ,1612 ,dataset
1613 ,1613 ,dataset
1614 ,1614 ,dataset
1615 ,1615 ,dataset
1616 ,1616 ,dataset
1617 ,1617 ,dataset
1618 ,1618 ,dataset
1619 ,1619 ,dataset
1620 ,1620 ,dataset
1621 ,1621 ,dataset
1622 ,1622 ,dataset
1623 ,1623 ,dataset
1624 ,1624 ,dataset
1625 ,1625 ,dataset
1626 ,1626 ,dataset
1627 ,1627 ,dataset
1628 ,1628 ,dataset
1629 ,1629 ,dataset
1630 ,1630 ,dataset
1631 ,1631 ,dataset
1632 ,1632 ,dataset
1633 ,1633 ,dataset
1634 ,1634 ,dataset
1635 ,1635 ,dataset
1636 ,1636 ,dataset
1637 ,1637 ,dataset
1638 ,1638 ,dataset
1639 ,1639 ,dataset
1640 ,1640 ,dataset
1641 ,1641 ,dataset
1642 ,1642 ,dataset
1643 ,1643 ,dataset
1644 ,1644 ,dataset
1645 ,1645 ,dataset
1646 ,1646 ,dataset
1647 ,1647 ,dataset
1648 ,1648 ,dataset
1649 ,1649 ,dataset
1650 ,1650 ,dataset
1651 ,1651 ,dataset
1652 ,1652 ,dataset
1653 ,1653 ,dataset
1654 ,1654 ,dataset
1655 ,1655 ,dataset
1656 ,1656 ,dataset
1657 ,1657 ,dataset
1659 ,1659 ,dataset
1660 ,1660 ,dataset
1661 ,1661 ,dataset
1666 ,1666 ,dataset
1667 ,1667 ,dataset
1668 ,1668 ,dataset
1669 ,1669 ,dataset
1670 ,1670 ,dataset
1671 ,1671 ,dataset
1672 ,1672 ,dataset
1673 ,1673 ,dataset
1674 ,1674 ,dataset
1675 ,1675 ,dataset
1676 ,1676 ,dataset
1677 ,1677 ,dataset
1678 ,1678 ,dataset
1679 ,1679 ,dataset
1680 ,1680 ,dataset
1681 ,1681 ,dataset
1682 ,1682 ,dataset
1683 ,1683 ,dataset
1684 ,1684 ,dataset
1685 ,1685 ,dataset
1686 ,1686 ,dataset
1687 ,1687 ,dataset
1688 ,1688 ,dataset
1689 ,1689 ,dataset
1690 ,1690 ,dataset
1691 ,1691 ,dataset
1692 ,1692 ,dataset
1693 ,1693 ,dataset
1694 ,1694 ,dataset
1695 ,1695 ,dataset
1696 ,1696 ,dataset
1697 ,1697 ,dataset
1698 ,1698 ,dataset
1699 ,1699 ,dataset
1700 ,1700 ,dataset
1701 ,1701 ,dataset
1702 ,1702 ,dataset
1703 ,1703 ,dataset
1704 ,1704 ,dataset
1705 ,1705 ,dataset
1706 ,1706 ,dataset
1707 ,1707 ,dataset
1708 ,1708 ,dataset
1709 ,1709 ,dataset
1710 ,1710 ,dataset
1711 ,1711 ,dataset
1712 ,1712 ,dataset
1713 ,1713 ,dataset
1714 ,1714 ,dataset
1715 ,1715 ,dataset
1716 ,1716 ,dataset
1717 ,1717 ,dataset
1718 ,1718 ,dataset
1719 ,1719 ,dataset
1720 ,1720 ,dataset
1721 ,1721 ,dataset
1722 ,1722 ,dataset
1723 ,1723 ,dataset
1724 ,1724 ,dataset
1725 ,1725 ,dataset
1726 ,1726 ,dataset
1727 ,1727 ,dataset
1728 ,1728 ,dataset
1729 ,1729 ,dataset
1730 ,1730 ,dataset
1731 ,1731 ,dataset
1732 ,1732 ,dataset
1733 ,1733 ,dataset
1734 ,1734 ,dataset
1735 ,1735 ,dataset
1736 ,1736 ,dataset
1737 ,1737 ,dataset
1738 ,1738 ,dataset
1739 ,1739 ,dataset
1740 ,1740 ,dataset
1741 ,1741 ,dataset
1742 ,1742 ,dataset
1743 ,1743 ,dataset
1744 ,1744 ,dataset
1745 ,1745 ,dataset
1746 ,1746 ,dataset
1747 ,1747 ,dataset
1748 ,1748 ,dataset
1749 ,1749 ,dataset
1750 ,1750 ,dataset
1751 ,1751 ,dataset
1752 ,1752 ,dataset
1753 ,1753 ,dataset
1754 ,1754 ,dataset
1755 ,1755 ,dataset
1756 ,1756 ,dataset
1757 ,1757 ,dataset
1758 ,1758 ,dataset
1759 ,1759 ,dataset
1760 ,1760 ,dataset
1761 ,1761 ,dataset
1762 ,1762 ,dataset
1763 ,1763 ,dataset
1764 ,1764 ,dataset
1765 ,1765 ,dataset
1766 ,1766 ,dataset
1767 ,1767 ,dataset
1768 ,1768 ,dataset
1769 ,1769 ,dataset
1770 ,1770 ,dataset
1771 ,1771 ,dataset
1772 ,1772 ,dataset
1773 ,1773 ,dataset
1774 ,1774 ,dataset
1775 ,1775 ,dataset
1776 ,1776 ,dataset
1777 ,1777 ,dataset
1778 ,1778 ,dataset
1779 ,1779 ,dataset
1780 ,1780 ,dataset
1781 ,1781 ,dataset
1782 ,1782 ,dataset
1783 ,1783 ,dataset
1784 ,1784 ,dataset
1785 ,1785 ,dataset
1786 ,1786 ,dataset
1787 ,1787 ,dataset
1788 ,1788 ,dataset
1789 ,1789 ,dataset
1790 ,1790 ,dataset
1791 ,1791 ,dataset
1792 ,1792 ,dataset
1793 ,1793 ,dataset
1794 ,1794 ,dataset
1795 ,1795 ,dataset
1796 ,1796 ,dataset
1797 ,1797 ,dataset
1798 ,1798 ,dataset
1799 ,1799 ,dataset
1800 ,1800 ,dataset
1801 ,1801 ,dataset
1802 ,1802 ,dataset
1803 ,1803 ,dataset
1804 ,1804 ,dataset
1805 ,1805 ,dataset
1806 ,1806 ,dataset
1807 ,1807 ,dataset
1808 ,1808 ,dataset
1809 ,1809 ,dataset
1810 ,1810 ,dataset
1811 ,1811 ,dataset
1812 ,1812 ,dataset
1813 ,1813 ,dataset
1814 ,1814 ,dataset
1815 ,1815 ,dataset
1816 ,1816 ,dataset
1817 ,1817 ,dataset
1818 ,1818 ,dataset
1819 ,1819 ,dataset
1820 ,1820 ,dataset
1821 ,1821 ,dataset
1822 ,1822 ,dataset
1823 ,1823 ,dataset
1824 ,1824 ,dataset
1825 ,1825 ,dataset
1826 ,1826 ,dataset
1827 ,1827 ,dataset
1828 ,1828 ,dataset
1829 ,1829 ,dataset
1830 ,1830 ,dataset
1831 ,1831 ,dataset
1832 ,1832 ,dataset
1833 ,1833 ,dataset
1834 ,1834 ,dataset
1835 ,1835 ,dataset
1836 ,1836 ,dataset
1837 ,1837 ,dataset
1838 ,1838 ,dataset
1839 ,1839 ,dataset
1840 ,1840 ,dataset
1841 ,1841 ,dataset
1842 ,1842 ,dataset
1843 ,1843 ,dataset
1844 ,1844 ,dataset
1845 ,1845 ,dataset
1846 ,1846 ,dataset
1847 ,1847 ,dataset
1848 ,1848 ,dataset
1849 ,1849 ,dataset
1850 ,1850 ,dataset
1851 ,1851 ,dataset
1852 ,1852 ,dataset
1853 ,1853 ,dataset
1854 ,1854 ,dataset
1855 ,1855 ,dataset
1856 ,1856 ,dataset
1857 ,1857 ,dataset
1858 ,1858 ,dataset
1859 ,1859 ,dataset
1860 ,1860 ,dataset
1861 ,1861 ,dataset
1862 ,1862 ,dataset
1863 ,1863 ,dataset
1864 ,1864 ,dataset
1865 ,1865 ,dataset
1866 ,1866 ,dataset
1867 ,1867 ,dataset
1868 ,1868 ,dataset
1869 ,1869 ,dataset
1870 ,1870 ,dataset
1871 ,1871 ,dataset
1872 ,1872 ,dataset
1873 ,1873 ,dataset
1874 ,1874 ,dataset
1875 ,1875 ,dataset
1876 ,1876 ,dataset
1877 ,1877 ,dataset
1878 ,1878 ,dataset
1879 ,1879 ,dataset
1880 ,1880 ,dataset
1881 ,1881 ,dataset
1882 ,1882 ,dataset
1883 ,1883 ,dataset
1884 ,1884 ,dataset
1885 ,1885 ,dataset
1886 ,1886 ,dataset
1887 ,1887 ,dataset
1888 ,1888 ,dataset
1889 ,1889 ,dataset
1890 ,1890 ,dataset
1891 ,1891 ,dataset
1892 ,1892 ,dataset
1893 ,1893 ,dataset
1894 ,1894 ,dataset
1895 ,1895 ,dataset
1896 ,1896 ,dataset
1897 ,1897 ,dataset
1898 ,1898 ,dataset
1899 ,1899 ,dataset
1900 ,1900 ,dataset
1901 ,1901 ,dataset
1902 ,1902 ,dataset
1903 ,1903 ,dataset
1904 ,1904 ,dataset
1905 ,1905 ,dataset
1906 ,1906 ,dataset
1907 ,1907 ,dataset
1908 ,1908 ,dataset
1909 ,1909 ,dataset
1910 ,1910 ,dataset
1911 ,1911 ,dataset
1912 ,1912 ,dataset
1913 ,1913 ,dataset
1914 ,1914 ,dataset
1915 ,1915 ,dataset
1916 ,1916 ,dataset
1917 ,1917 ,dataset
1918 ,1918 ,dataset
1919 ,1919 ,dataset
1920 ,1920 ,dataset
1921 ,1921 ,dataset
1922 ,1922 ,dataset
1923 ,1923 ,dataset
1924 ,1924 ,dataset
1925 ,1925 ,dataset
1926 ,1926 ,dataset
1927 ,1927 ,dataset
1928 ,1928 ,dataset
1929 ,1929 ,dataset
1930 ,1930 ,dataset
1931 ,1931 ,dataset
1932 ,1932 ,dataset
1933 ,1933 ,dataset
1934 ,1934 ,dataset
1935 ,1935 ,dataset
1936 ,1936 ,dataset
1937 ,1937 ,dataset
1938 ,1938 ,dataset
1939 ,1939 ,dataset
1940 ,1940 ,dataset
1941 ,1941 ,dataset
1942 ,1942 ,dataset
1943 ,1943 ,dataset
1944 ,1944 ,dataset
1945 ,1945 ,dataset
1946 ,1946 ,dataset
1947 ,1947 ,dataset
1948 ,1948 ,dataset
1949 ,1949 ,dataset
1950 ,1950 ,dataset
1951 ,1951 ,dataset
1952 ,1952 ,dataset
1953 ,1953 ,dataset
1954 ,1954 ,dataset
1955 ,1955 ,dataset
1956 ,1956 ,dataset
1957 ,1957 ,dataset
1958 ,1958 ,dataset
1959 ,1959 ,dataset
1960 ,1960 ,dataset
1961 ,1961 ,dataset
1962 ,1962 ,dataset
1963 ,1963 ,dataset
1964 ,1964 ,dataset
1965 ,1965 ,dataset
1966 ,1966 ,dataset
1967 ,1967 ,dataset
1968 ,1968 ,dataset
1969 ,1969 ,dataset
1970 ,1970 ,dataset
1971 ,1971 ,dataset
1972 ,1972 ,dataset
1973 ,1973 ,dataset
1974 ,1974 ,dataset
1975 ,1975 ,dataset
1976 ,1976 ,dataset
1977 ,1977 ,dataset
1978 ,1978 ,dataset
1979 ,1979 ,dataset
1980 ,1980 ,dataset
1981 ,1981 ,dataset
1982 ,1982 ,dataset
1983 ,1983 ,dataset
1984 ,1984 ,dataset
1985 ,1985 ,dataset
1986 ,1986 ,dataset
1987 ,1987 ,dataset
1988 ,1988 ,dataset
1989 ,1989 ,dataset
1990 ,1990 ,dataset
1991 ,1991 ,dataset
1992 ,1992 ,dataset
1993 ,1993 ,dataset
1994 ,1994 ,dataset
1995 ,1995 ,dataset
1996 ,1996 ,dataset
1997 ,1997 ,dataset
1998 ,1998 ,dataset
1999 ,1999 ,dataset
2000 ,2000 ,dataset
2001 ,2001 ,dataset
2002 ,2002 ,dataset
2003 ,2003 ,dataset
2004 ,2004 ,dataset
2005 ,2005 ,dataset
2006 ,2006 ,dataset
2007 ,2007 ,dataset
2008 ,2008 ,dataset
2009 ,2009 ,dataset
2010 ,2010 ,dataset
2011 ,2011 ,dataset
2012 ,2012 ,dataset
2013 ,2013 ,dataset
2014 ,2014 ,dataset
2015 ,2015 ,dataset
2016 ,2016 ,dataset
2017 ,2017 ,dataset
2018 ,2018 ,dataset
2019 ,2019 ,dataset
2020 ,2020 ,dataset
2021 ,2021 ,dataset
2022 ,2022 ,dataset
2023 ,2023 ,dataset
2024 ,2024 ,dataset
2025 ,2025 ,dataset
2026 ,2026 ,dataset
2027 ,2027 ,dataset
2028 ,2028 ,dataset
2029 ,2029 ,dataset
2030 ,2030 ,dataset
2031 ,2031 ,dataset
2032 ,2032 ,dataset
2033 ,2033 ,dataset
2034 ,2034 ,dataset
2035 ,2035 ,dataset
2036 ,2036 ,dataset
2037 ,2037 ,dataset
2038 ,2038 ,dataset
2039 ,2039 ,dataset
2040 ,2040 ,dataset
2041 ,2041 ,dataset
2042 ,2042 ,dataset
2043 ,2043 ,dataset
2044 ,2044 ,dataset
2045 ,2045 ,dataset
2046 ,2046 ,dataset
2047 ,2047 ,dataset
2048 ,2048 ,dataset
2049 ,2049 ,dataset
2050 ,2050 ,dataset
2051 ,2051 ,dataset
2052 ,2052 ,dataset
2053 ,2053 ,dataset
2054 ,2054 ,dataset
2055 ,2055 ,dataset
2056 ,2056 ,dataset
2057 ,2057 ,dataset
2058 ,2058 ,dataset
2059 ,2059 ,dataset
2060 ,2060 ,dataset
2061 ,2061 ,dataset
2062 ,2062 ,dataset
2063 ,2063 ,dataset
2064 ,2064 ,dataset
2065 ,2065 ,dataset
2066 ,2066 ,dataset
2067 ,2067 ,dataset
2068 ,2068 ,dataset
2069 ,2069 ,dataset
2070 ,2070 ,dataset
2071 ,2071 ,dataset
2072 ,2072 ,dataset
2073 ,2073 ,dataset
2074 ,2074 ,dataset
2075 ,2075 ,dataset
2076 ,2076 ,dataset
2077 ,2077 ,dataset
2078 ,2078 ,dataset
2079 ,2079 ,dataset
2080 ,2080 ,dataset
2081 ,2081 ,dataset
2082 ,2082 ,dataset
2083 ,2083 ,dataset
2084 ,2084 ,dataset
2085 ,2085 ,dataset
2086 ,2086 ,dataset
2087 ,2087 ,dataset
2088 ,2088 ,dataset
2089 ,2089 ,dataset
2090 ,2090 ,dataset
2091 ,2091 ,dataset
2092 ,2092 ,dataset
2093 ,2093 ,dataset
2094 ,2094 ,dataset
2095 ,2095 ,dataset
2096 ,2096 ,dataset
2097 ,2097 ,dataset
2098 ,2098 ,dataset
2099 ,2099 ,dataset
2100 ,2100 ,dataset
2101 ,2101 ,dataset
2102 ,2102 ,dataset
2103 ,2103 ,dataset
2104 ,2104 ,dataset
2105 ,2105 ,dataset
2106 ,2106 ,dataset
2107 ,2107 ,dataset
2108 ,2108 ,dataset
2109 ,2109 ,dataset
2110 ,2110 ,dataset
2111 ,2111 ,dataset
2112 ,2112 ,dataset
2113 ,2113 ,dataset
2114 ,2114 ,dataset
2115 ,2115 ,dataset
2116 ,2116 ,dataset
2117 ,2117 ,dataset
2118 ,2118 ,dataset
2119 ,2119 ,dataset
2120 ,2120 ,dataset
2121 ,2121 ,dataset
2122 ,2122 ,dataset
2123 ,2123 ,dataset
2124 ,2124 ,dataset
2125 ,2125 ,dataset
2126 ,2126 ,dataset
2127 ,2127 ,dataset
2128 ,2128 ,dataset
2129 ,2129 ,dataset
2130 ,2130 ,dataset
2131 ,2131 ,dataset
2132 ,2132 ,dataset
2133 ,2133 ,dataset
2134 ,2134 ,dataset
2135 ,2135 ,dataset
2136 ,2136 ,dataset
2137 ,2137 ,dataset
2138 ,2138 ,dataset
2139 ,2139 ,dataset
2140 ,2140 ,dataset
2141 ,2141 ,dataset
2142 ,2142 ,dataset
2143 ,2143 ,dataset
2144 ,2144 ,dataset
2145 ,2145 ,dataset
2146 ,2146 ,dataset
2147 ,2147 ,dataset
2148 ,2148 ,dataset
2149 ,2149 ,dataset
2150 ,2150 ,dataset
2151 ,2151 ,dataset
2152 ,2152 ,dataset
2153 ,2153 ,dataset
2154 ,2154 ,dataset
2155 ,2155 ,dataset
2156 ,2156 ,dataset
2157 ,2157 ,dataset
2158 ,2158 ,dataset
2159 ,2159 ,dataset
2160 ,2160 ,dataset
2161 ,2161 ,dataset
2162 ,2162 ,dataset
2163 ,2163 ,dataset
2164 ,2164 ,dataset
2165 ,2165 ,dataset
2166 ,2166 ,dataset
2167 ,2167 ,dataset
2168 ,2168 ,dataset
2169 ,2169 ,dataset
2170 ,2170 ,dataset
2171 ,2171 ,dataset
2172 ,2172 ,dataset
2173 ,2173 ,dataset
2174 ,2174 ,dataset
2175 ,2175 ,dataset
2176 ,2176 ,dataset
2177 ,2177 ,dataset
2178 ,2178 ,dataset
2179 ,2179 ,dataset
2180 ,2180 ,dataset
2181 ,2181 ,dataset
2182 ,2182 ,dataset
2183 ,2183 ,dataset
2184 ,2184 ,dataset
2185 ,2185 ,dataset
2186 ,2186 ,dataset
2187 ,2187 ,dataset
2188 ,2188 ,dataset
2189 ,2189 ,dataset
2190 ,2190 ,dataset
2191 ,2191 ,dataset
2192 ,2192 ,dataset
2193 ,2193 ,dataset
2194 ,2194 ,dataset
2195 ,2195 ,dataset
2196 ,2196 ,dataset
2197 ,2197 ,dataset
2198 ,2198 ,dataset
2199 ,2199 ,dataset
2200 ,2200 ,dataset
2201 ,2201 ,dataset
2202 ,2202 ,dataset
2203 ,2203 ,dataset
2204 ,2204 ,dataset
2205 ,2205 ,dataset
2206 ,2206 ,dataset
2207 ,2207 ,dataset
2208 ,2208 ,dataset
2209 ,2209 ,dataset
2210 ,2210 ,dataset
2211 ,2211 ,dataset
2212 ,2212 ,dataset
2213 ,2213 ,dataset
2214 ,2214 ,dataset
2215 ,2215 ,dataset
2216 ,2216 ,dataset
2217 ,2217 ,dataset
2218 ,2218 ,dataset
2219 ,2219 ,dataset
2220 ,2220 ,dataset
2221 ,2221 ,dataset
2222 ,2222 ,dataset
2223 ,2223 ,dataset
2224 ,2224 ,dataset
2225 ,2225 ,dataset
2226 ,2226 ,dataset
2227 ,2227 ,dataset
2228 ,2228 ,dataset
2229 ,2229 ,dataset
2230 ,2230 ,dataset
2231 ,2231 ,dataset
2232 ,2232 ,dataset
2233 ,2233 ,dataset
2234 ,2234 ,dataset
2235 ,2235 ,dataset
2236 ,2236 ,dataset
2237 ,2237 ,dataset
2238 ,2238 ,dataset
2239 ,2239 ,dataset
2240 ,2240 ,dataset
2241 ,2241 ,dataset
2242 ,2242 ,dataset
2243 ,2243 ,dataset
2244 ,2244 ,dataset
2245 ,2245 ,dataset
2246 ,2246 ,dataset
2247 ,2247 ,dataset
2248 ,2248 ,dataset
2249 ,2249 ,dataset
2250 ,2250 ,dataset
2251 ,2251 ,dataset
2252 ,2252 ,dataset
2253 ,2253 ,dataset
2254 ,2254 ,dataset
2255 ,2255 ,dataset
2256 ,2256 ,dataset
2257 ,2257 ,dataset
2258 ,2258 ,dataset
2259 ,2259 ,dataset
2260 ,2260 ,dataset
2261 ,2261 ,dataset
2262 ,2262 ,dataset
2263 ,2263 ,dataset
2264 ,2264 ,dataset
2265 ,2265 ,dataset
2266 ,2266 ,dataset
2267 ,2267 ,dataset
2268 ,2268 ,dataset
2269 ,2269 ,dataset
2270 ,2270 ,dataset
2271 ,2271 ,dataset
2272 ,2272 ,dataset
2273 ,2273 ,dataset
2274 ,2274 ,dataset
2275 ,2275 ,dataset
2276 ,2276 ,dataset
2277 ,2277 ,dataset
2278 ,2278 ,dataset
2279 ,2279 ,dataset
2280 ,2280 ,dataset
2281 ,2281 ,dataset
2282 ,2282 ,dataset
2283 ,2283 ,dataset
2284 ,2284 ,dataset
2285 ,2285 ,dataset
2286 ,2286 ,dataset
2287 ,2287 ,dataset
2288 ,2288 ,dataset
2289 ,2289 ,dataset
2290 ,2290 ,dataset
2291 ,2291 ,dataset
2292 ,2292 ,dataset
2293 ,2293 ,dataset
2294 ,2294 ,dataset
2295 ,2295 ,dataset
2296 ,2296 ,dataset
2297 ,2297 ,dataset
2298 ,2298 ,dataset
2299 ,2299 ,dataset
2300 ,2300 ,dataset
2301 ,2301 ,dataset
2302 ,2302 ,dataset
2303 ,2303 ,dataset
2304 ,2304 ,dataset
2305 ,2305 ,dataset
2306 ,2306 ,dataset
2307 ,2307 ,dataset
2308 ,2308 ,dataset
2309 ,2309 ,dataset
2310 ,2310 ,dataset
2311 ,2311 ,dataset
2312 ,2312 ,dataset
2313 ,2313 ,dataset
2314 ,2314 ,dataset
2315 ,2315 ,dataset
2316 ,2316 ,dataset
2317 ,2317 ,dataset
2318 ,2318 ,dataset
2319 ,2319 ,dataset
2320 ,2320 ,dataset
2321 ,2321 ,dataset
2322 ,2322 ,dataset
2323 ,2323 ,dataset
2324 ,2324 ,dataset
2325 ,2325 ,dataset
2326 ,2326 ,dataset
2327 ,2327 ,dataset
2328 ,2328 ,dataset
2329 ,2329 ,dataset
2330 ,2330 ,dataset
2331 ,2331 ,dataset
2332 ,2332 ,dataset
2333 ,2333 ,dataset
2334 ,2334 ,dataset
2335 ,2335 ,dataset
2336 ,2336 ,dataset
2337 ,2337 ,dataset
2338 ,2338 ,dataset
2339 ,2339 ,dataset
2340 ,2340 ,dataset
2341 ,2341 ,dataset
2342 ,2342 ,dataset
2343 ,2343 ,dataset
2344 ,2344 ,dataset
2345 ,2345 ,dataset
2346 ,2346 ,dataset
2347 ,2347 ,dataset
2348 ,2348 ,dataset
2349 ,2349 ,dataset
2350 ,2350 ,dataset
2351 ,2351 ,dataset
2352 ,2352 ,dataset
2353 ,2353 ,dataset
2354 ,2354 ,dataset
2355 ,2355 ,dataset
2356 ,2356 ,dataset
2357 ,2357 ,dataset
2358 ,2358 ,dataset
2359 ,2359 ,dataset
2360 ,2360 ,dataset
2361 ,2361 ,dataset
2362 ,2362 ,dataset
2363 ,2363 ,dataset
2364 ,2364 ,dataset
2365 ,2365 ,dataset
2366 ,2366 ,dataset
2367 ,2367 ,dataset
2368 ,2368 ,dataset
2369 ,2369 ,dataset
2370 ,2370 ,dataset
2371 ,2371 ,dataset
2372 ,2372 ,dataset
2373 ,2373 ,dataset
2374 ,2374 ,dataset
2375 ,2375 ,dataset
2376 ,2376 ,dataset
2377 ,2377 ,dataset
2378 ,2378 ,dataset
2379 ,2379 ,dataset
2380 ,2380 ,dataset
2381 ,2381 ,dataset
2382 ,2382 ,dataset
2383 ,2383 ,dataset
2384 ,2384 ,dataset
2385 ,2385 ,dataset
2386 ,2386 ,dataset
2387 ,2387 ,dataset
2388 ,2388 ,dataset
2389 ,2389 ,dataset
2390 ,2390 ,dataset
2391 ,2391 ,dataset
2392 ,2392 ,dataset
2393 ,2393 ,dataset
2394 ,2394 ,dataset
2395 ,2395 ,dataset
2396 ,2396 ,dataset
2397 ,2397 ,dataset
2398 ,2398 ,dataset
2399 ,2399 ,dataset
2400 ,2400 ,dataset
2401 ,2401 ,dataset
2402 ,2402 ,dataset
2403 ,2403 ,dataset
2404 ,2404 ,dataset
2405 ,2405 ,dataset
2406 ,2406 ,dataset
2407 ,2407 ,dataset
2408 ,2408 ,dataset
2409 ,2409 ,dataset
2410 ,2410 ,dataset
2411 ,2411 ,dataset
2412 ,2412 ,dataset
2413 ,2413 ,dataset
2414 ,2414 ,dataset
2415 ,2415 ,dataset
2416 ,2416 ,dataset
2417 ,2417 ,dataset
2418 ,2418 ,dataset
2419 ,2419 ,dataset
2420 ,2420 ,dataset
2421 ,2421 ,dataset
2422 ,2422 ,dataset
2423 ,2423 ,dataset
2424 ,2424 ,dataset
2425 ,2425 ,dataset
2426 ,2426 ,dataset
2427 ,2427 ,dataset
2428 ,2428 ,dataset
2429 ,2429 ,dataset
2430 ,2430 ,dataset
2431 ,2431 ,dataset
2432 ,2432 ,dataset
2433 ,2433 ,dataset
2434 ,2434 ,dataset
2435 ,2435 ,dataset
2436 ,2436 ,dataset
2437 ,2437 ,dataset
2438 ,2438 ,dataset
2439 ,2439 ,dataset
2440 ,2440 ,dataset
2441 ,2441 ,dataset
2442 ,2442 ,dataset
2443 ,2443 ,dataset
2444 ,2444 ,dataset
2445 ,2445 ,dataset
2446 ,2446 ,dataset
2447 ,2447 ,dataset
2448 ,2448 ,dataset
2449 ,2449 ,dataset
2450 ,2450 ,dataset
2451 ,2451 ,dataset
2452 ,2452 ,dataset
2453 ,2453 ,dataset
2454 ,2454 ,dataset
2455 ,2455 ,dataset
2456 ,2456 ,dataset
2457 ,2457 ,dataset
2458 ,2458 ,dataset
2459 ,2459 ,dataset
2460 ,2460 ,dataset
2461 ,2461 ,dataset
2462 ,2462 ,dataset
2463 ,2463 ,dataset
2464 ,2464 ,dataset
2465 ,2465 ,dataset
2466 ,2466 ,dataset
2467 ,2467 ,dataset
2468 ,2468 ,dataset
2469 ,2469 ,dataset
2470 ,2470 ,dataset
2471 ,2471 ,dataset
2472 ,2472 ,dataset
2473 ,2473 ,dataset
2474 ,2474 ,dataset
2475 ,2475 ,dataset
2476 ,2476 ,dataset
2477 ,2477 ,dataset
2478 ,2478 ,dataset
2479 ,2479 ,dataset
2480 ,2480 ,dataset
2481 ,2481 ,dataset
2482 ,2482 ,dataset
2483 ,2483 ,dataset
2484 ,2484 ,dataset
2485 ,2485 ,dataset
2486 ,2486 ,dataset
2487 ,2487 ,dataset
2488 ,2488 ,dataset
2489 ,2489 ,dataset
2490 ,2490 ,dataset
2491 ,2491 ,dataset
2492 ,2492 ,dataset
2493 ,2493 ,dataset
2494 ,2494 ,dataset
2495 ,2495 ,dataset
2496 ,2496 ,dataset
2497 ,2497 ,dataset
2498 ,2498 ,dataset
2499 ,2499 ,dataset
2500 ,2500 ,dataset
2501 ,2501 ,dataset
2502 ,2502 ,dataset
2503 ,2503 ,dataset
2504 ,2504 ,dataset
2505 ,2505 ,dataset
2506 ,2506 ,dataset
2507 ,2507 ,dataset
2508 ,2508 ,dataset
2509 ,2509 ,dataset
2510 ,2510 ,dataset
2511 ,2511 ,dataset
2512 ,2512 ,dataset
2513 ,2513 ,dataset
2514 ,2514 ,dataset
2515 ,2515 ,dataset
2516 ,2516 ,dataset
2517 ,2517 ,dataset
2518 ,2518 ,dataset
2519 ,2519 ,dataset
2520 ,2520 ,dataset
2521 ,2521 ,dataset
2522 ,2522 ,dataset
2523 ,2523 ,dataset
2524 ,2524 ,dataset
2525 ,2525 ,dataset
2526 ,2526 ,dataset
2527 ,2527 ,dataset
2528 ,2528 ,dataset
2529 ,2529 ,dataset
2530 ,2530 ,dataset
2531 ,2531 ,dataset
2532 ,2532 ,dataset
2533 ,2533 ,dataset
2534 ,2534 ,dataset
2535 ,2535 ,dataset
2536 ,2536 ,dataset
2537 ,2537 ,dataset
2538 ,2538 ,dataset
2539 ,2539 ,dataset
2540 ,2540 ,dataset
2541 ,2541 ,dataset
2542 ,2542 ,dataset
2543 ,2543 ,dataset
2544 ,2544 ,dataset
2545 ,2545 ,dataset
2546 ,2546 ,dataset
2547 ,2547 ,dataset
2548 ,2548 ,dataset
2549 ,2549 ,dataset
2550 ,2550 ,dataset
2551 ,2551 ,dataset
2552 ,2552 ,dataset
2553 ,2553 ,dataset
2554 ,2554 ,dataset
2555 ,2555 ,dataset
2556 ,2556 ,dataset
2557 ,2557 ,dataset
2558 ,2558 ,dataset
2559 ,2559 ,dataset
2560 ,2560 ,dataset
2561 ,2561 ,dataset
2562 ,2562 ,dataset
2563 ,2563 ,dataset
2564 ,2564 ,dataset
2565 ,2565 ,dataset
2566 ,2566 ,dataset
2567 ,2567 ,dataset
2568 ,2568 ,dataset
2569 ,2569 ,dataset
2570 ,2570 ,dataset
2571 ,2571 ,dataset
2572 ,2572 ,dataset
2573 ,2573 ,dataset
2574 ,2574 ,dataset
2575 ,2575 ,dataset
2576 ,2576 ,dataset
2577 ,2577 ,dataset
2578 ,2578 ,dataset
2579 ,2579 ,dataset
2580 ,2580 ,dataset
2581 ,2581 ,dataset
2582 ,2582 ,dataset
2583 ,2583 ,dataset
2584 ,2584 ,dataset
2585 ,2585 ,dataset
2586 ,2586 ,dataset
2587 ,2587 ,dataset
2588 ,2588 ,dataset
2589 ,2589 ,dataset
2590 ,2590 ,dataset
2591 ,2591 ,dataset
2592 ,2592 ,dataset
2593 ,2593 ,dataset
2594 ,2594 ,dataset
2595 ,2595 ,dataset
2596 ,2596 ,dataset
2597 ,2597 ,dataset
2598 ,2598 ,dataset
2599 ,2599 ,dataset
2600 ,2600 ,dataset
2601 ,2601 ,dataset
2602 ,2602 ,dataset
2603 ,2603 ,dataset
2604 ,2604 ,dataset
2605 ,2605 ,dataset
2606 ,2606 ,dataset
2607 ,2607 ,dataset
2608 ,2608 ,dataset
2609 ,2609 ,dataset
2610 ,2610 ,dataset
2611 ,2611 ,dataset
2612 ,2612 ,dataset
2613 ,2613 ,dataset
2614 ,2614 ,dataset
2615 ,2615 ,dataset
2616 ,2616 ,dataset
2617 ,2617 ,dataset
2618 ,2618 ,dataset
2619 ,2619 ,dataset
2620 ,2620 ,dataset
2621 ,2621 ,dataset
2622 ,2622 ,dataset
2623 ,2623 ,dataset
2624 ,2624 ,dataset
2625 ,2625 ,dataset
2626 ,2626 ,dataset
2627 ,2627 ,dataset
2628 ,2628 ,dataset
2629 ,2629 ,dataset
2630 ,2630 ,dataset
2631 ,2631 ,dataset
2632 ,2632 ,dataset
2633 ,2633 ,dataset
2634 ,2634 ,dataset
2635 ,2635 ,dataset
2636 ,2636 ,dataset
2637 ,2637 ,dataset
2638 ,2638 ,dataset
2639 ,2639 ,dataset
2640 ,2640 ,dataset
2641 ,2641 ,dataset
2642 ,2642 ,dataset
2643 ,2643 ,dataset
2644 ,2644 ,dataset
2645 ,2645 ,dataset
2646 ,2646 ,dataset
2647 ,2647 ,dataset
2648 ,2648 ,dataset
2649 ,2649 ,dataset
2650 ,2650 ,dataset
2651 ,2651 ,dataset
2652 ,2652 ,dataset
2653 ,2653 ,dataset
2654 ,2654 ,dataset
2655 ,2655 ,dataset
2656 ,2656 ,dataset
2657 ,2657 ,dataset
2658 ,2658 ,dataset
2659 ,2659 ,dataset
2660 ,2660 ,dataset
2661 ,2661 ,dataset
2662 ,2662 ,dataset
2663 ,2663 ,dataset
2664 ,2664 ,dataset
2665 ,2665 ,dataset
2666 ,2666 ,dataset
2667 ,2667 ,dataset
2668 ,2668 ,dataset
2669 ,2669 ,dataset
2670 ,2670 ,dataset
2671 ,2671 ,dataset
2672 ,2672 ,dataset
2673 ,2673 ,dataset
2674 ,2674 ,dataset
2675 ,2675 ,dataset
2676 ,2676 ,dataset
2677 ,2677 ,dataset
2678 ,2678 ,dataset
2679 ,2679 ,dataset
2680 ,2680 ,dataset
2681 ,2681 ,dataset
2682 ,2682 ,dataset
2683 ,2683 ,dataset
2684 ,2684 ,dataset
2685 ,2685 ,dataset
2686 ,2686 ,dataset
2687 ,2687 ,dataset
2688 ,2688 ,dataset
2689 ,2689 ,dataset
2690 ,2690 ,dataset
2691 ,2691 ,dataset
2692 ,2692 ,dataset
2693 ,2693 ,dataset
2694 ,2694 ,dataset
2695 ,2695 ,dataset
2696 ,2696 ,dataset
2697 ,2697 ,dataset
2698 ,2698 ,dataset
2699 ,2699 ,dataset
2700 ,2700 ,dataset
2701 ,2701 ,dataset
2702 ,2702 ,dataset
2703 ,2703 ,dataset
2704 ,2704 ,dataset
2705 ,2705 ,dataset
2706 ,2706 ,dataset
2707 ,2707 ,dataset
2708 ,2708 ,dataset
2709 ,2709 ,dataset
2710 ,2710 ,dataset
2711 ,2711 ,dataset
2712 ,2712 ,dataset
2713 ,2713 ,dataset
2714 ,2714 ,dataset
2715 ,2715 ,dataset
2716 ,2716 ,dataset
2717 ,2717 ,dataset
2718 ,2718 ,dataset
2719 ,2719 ,dataset
2720 ,2720 ,dataset
2721 ,2721 ,dataset
2722 ,2722 ,dataset
2723 ,2723 ,dataset
2724 ,2724 ,dataset
2725 ,2725 ,dataset
2726 ,2726 ,dataset
2727 ,2727 ,dataset
2728 ,2728 ,dataset
2729 ,2729 ,dataset
2730 ,2730 ,dataset
2731 ,2731 ,dataset
2732 ,2732 ,dataset
2733 ,2733 ,dataset
2734 ,2734 ,dataset
2735 ,2735 ,dataset
2736 ,2736 ,dataset
2737 ,2737 ,dataset
2738 ,2738 ,dataset
2739 ,2739 ,dataset
2740 ,2740 ,dataset
2741 ,2741 ,dataset
2742 ,2742 ,dataset
2743 ,2743 ,dataset
2744 ,2744 ,dataset
2745 ,2745 ,dataset
2746 ,2746 ,dataset
2747 ,2747 ,dataset
2748 ,2748 ,dataset
2749 ,2749 ,dataset
2750 ,2750 ,dataset
2751 ,2751 ,dataset
2752 ,2752 ,dataset
2753 ,2753 ,dataset
2754 ,2754 ,dataset
2755 ,2755 ,dataset
2756 ,2756 ,dataset
2757 ,2757 ,dataset
2758 ,2758 ,dataset
2759 ,2759 ,dataset
2760 ,2760 ,dataset
2761 ,2761 ,dataset
2762 ,2762 ,dataset
2763 ,2763 ,dataset
2764 ,2764 ,dataset
2765 ,2765 ,dataset
2766 ,2766 ,dataset
2767 ,2767 ,dataset
2768 ,2768 ,dataset
2769 ,2769 ,dataset
2770 ,2770 ,dataset
2771 ,2771 ,dataset
2772 ,2772 ,dataset
2773 ,2773 ,dataset
2774 ,2774 ,dataset
2775 ,2775 ,dataset
2776 ,2776 ,dataset
2777 ,2777 ,dataset
2778 ,2778 ,dataset
2779 ,2779 ,dataset
2780 ,2780 ,dataset
2781 ,2781 ,dataset
2782 ,2782 ,dataset
2783 ,2783 ,dataset
2784 ,2784 ,dataset
2785 ,2785 ,dataset
2786 ,2786 ,dataset
2787 ,2787 ,dataset
2788 ,2788 ,dataset
2789 ,2789 ,dataset
2790 ,2790 ,dataset
2791 ,2791 ,dataset
2792 ,2792 ,dataset
2793 ,2793 ,dataset
2794 ,2794 ,dataset
2795 ,2795 ,dataset
2796 ,2796 ,dataset
2797 ,2797 ,dataset
2798 ,2798 ,dataset
2799 ,2799 ,dataset
2800 ,2800 ,dataset
2801 ,2801 ,dataset
2802 ,2802 ,dataset
2803 ,2803 ,dataset
2804 ,2804 ,dataset
2805 ,2805 ,dataset
2806 ,2806 ,dataset
2807 ,2807 ,dataset
2808 ,2808 ,dataset
2809 ,2809 ,dataset
2810 ,2810 ,dataset
2811 ,2811 ,dataset
2812 ,2812 ,dataset
2813 ,2813 ,dataset
2814 ,2814 ,dataset
2815 ,2815 ,dataset
2816 ,2816 ,dataset
2817 ,2817 ,dataset
2818 ,2818 ,dataset
2819 ,2819 ,dataset
2820 ,2820 ,dataset
2821 ,2821 ,dataset
2822 ,2822 ,dataset
2823 ,2823 ,dataset
2824 ,2824 ,dataset
2825 ,2825 ,dataset
2826 ,2826 ,dataset
2827 ,2827 ,dataset
2828 ,2828 ,dataset
2829 ,2829 ,dataset
2830 ,2830 ,dataset
2831 ,2831 ,dataset
2832 ,2832 ,dataset
2833 ,2833 ,dataset
2834 ,2834 ,dataset
2835 ,2835 ,dataset
2836 ,2836 ,dataset
2837 ,2837 ,dataset
2838 ,2838 ,dataset
2839 ,2839 ,dataset
2840 ,2840 ,dataset
2841 ,2841 ,dataset
2842 ,2842 ,dataset
2843 ,2843 ,dataset
2844 ,2844 ,dataset
2845 ,2845 ,dataset
2846 ,2846 ,dataset
2847 ,2847 ,dataset
2848 ,2848 ,dataset
2849 ,2849 ,dataset
2850 ,2850 ,dataset
2851 ,2851 ,dataset
2852 ,2852 ,dataset
2853 ,2853 ,dataset
2854 ,2854 ,dataset
2855 ,2855 ,dataset
2856 ,2856 ,dataset
2857 ,2857 ,dataset
2858 ,2858 ,dataset
2859 ,2859 ,dataset
2860 ,2860 ,dataset
2861 ,2861 ,dataset
2862 ,2862 ,dataset
2863 ,2863 ,dataset
2864 ,2864 ,dataset
2865 ,2865 ,dataset
2866 ,2866 ,dataset
2867 ,2867 ,dataset
2868 ,2868 ,dataset
2869 ,2869 ,dataset
2870 ,2870 ,dataset
2871 ,2871 ,dataset
2872 ,2872 ,dataset
2873 ,2873 ,dataset
2874 ,2874 ,dataset
2875 ,2875 ,dataset
2876 ,2876 ,dataset
2877 ,2877 ,dataset
2878 ,2878 ,dataset
2879 ,2879 ,dataset
2880 ,2880 ,dataset
2881 ,2881 ,dataset
2882 ,2882 ,dataset
2883 ,2883 ,dataset
2884 ,2884 ,dataset
2885 ,2885 ,dataset
2886 ,2886 ,dataset
2887 ,2887 ,dataset
2888 ,2888 ,dataset
2889 ,2889 ,dataset
2890 ,2890 ,dataset
2891 ,2891 ,dataset
2892 ,2892 ,dataset
2893 ,2893 ,dataset
2894 ,2894 ,dataset
2895 ,2895 ,dataset
2896 ,2896 ,dataset
2897 ,2897 ,dataset
2898 ,2898 ,dataset
2899 ,2899 ,dataset
2900 ,2900 ,dataset
2901 ,2901 ,dataset
2902 ,2902 ,dataset
2903 ,2903 ,dataset
2904 ,2904 ,dataset
2905 ,2905 ,dataset
2906 ,2906 ,dataset
2907 ,2907 ,dataset
2908 ,2908 ,dataset
2909 ,2909 ,dataset
2910 ,2910 ,dataset
2911 ,2911 ,dataset
2912 ,2912 ,dataset
2913 ,2913 ,dataset
2914 ,2914 ,dataset
2915 ,2915 ,dataset
2916 ,2916 ,dataset
2917 ,2917 ,dataset
2918 ,2918 ,dataset
2919 ,2919 ,dataset
2920 ,2920 ,dataset
2921 ,2921 ,dataset
2922 ,2922 ,dataset
2923 ,2923 ,dataset
2924 ,2924 ,dataset
2925 ,2925 ,dataset
2926 ,2926 ,dataset
2927 ,2927 ,dataset
2928 ,2928 ,dataset
2929 ,2929 ,dataset
2930 ,2930 ,dataset
2931 ,2931 ,dataset
2932 ,2932 ,dataset
2933 ,2933 ,dataset
2934 ,2934 ,dataset
2935 ,2935 ,dataset
2936 ,2936 ,dataset
2937 ,2937 ,dataset
2938 ,2938 ,dataset
2939 ,2939 ,dataset
2940 ,2940 ,dataset
2941 ,2941 ,dataset
2942 ,2942 ,dataset
2943 ,2943 ,dataset
2944 ,2944 ,dataset
2945 ,2945 ,dataset
2946 ,2946 ,dataset
2947 ,2947 ,dataset
2948 ,2948 ,dataset
2949 ,2949 ,dataset
2950 ,2950 ,dataset
2951 ,2951 ,dataset
2952 ,2952 ,dataset
2953 ,2953 ,dataset
2954 ,2954 ,dataset
2955 ,2955 ,dataset
2956 ,2956 ,dataset
2957 ,2957 ,dataset
2958 ,2958 ,dataset
2959 ,2959 ,dataset
2960 ,2960 ,dataset
2961 ,2961 ,dataset
2962 ,2962 ,dataset
2963 ,2963 ,dataset
2964 ,2964 ,dataset
2965 ,2965 ,dataset
2966 ,2966 ,dataset
2967 ,2967 ,dataset
2968 ,2968 ,dataset
2969 ,2969 ,dataset
2970 ,2970 ,dataset
2971 ,2971 ,dataset
2972 ,2972 ,dataset
2973 ,2973 ,dataset
2974 ,2974 ,dataset
2975 ,2975 ,dataset
2976 ,2976 ,dataset
2977 ,2977 ,dataset
2978 ,2978 ,dataset
2979 ,2979 ,dataset
2980 ,2980 ,dataset
2981 ,2981 ,dataset
2982 ,2982 ,dataset
2983 ,2983 ,dataset
2984 ,2984 ,dataset
2985 ,2985 ,dataset
2986 ,2986 ,dataset
2987 ,2987 ,dataset
2988 ,2988 ,dataset
2989 ,2989 ,dataset
2990 ,2990 ,dataset
2991 ,2991 ,dataset
2992 ,2992 ,dataset
2993 ,2993 ,dataset
2994 ,2994 ,dataset
2995 ,2995 ,dataset
2996 ,2996 ,dataset
2997 ,2997 ,dataset
2998 ,2998 ,dataset
2999 ,2999 ,dataset
3000 ,3000 ,dataset
3001 ,3001 ,dataset
3002 ,3002 ,dataset
3003 ,3003 ,dataset
3004 ,3004 ,dataset
3005 ,3005 ,dataset
3006 ,3006 ,dataset
3007 ,3007 ,dataset
3008 ,3008 ,dataset
3009 ,3009 ,dataset
3010 ,3010 ,dataset
3011 ,3011 ,dataset
3012 ,3012 ,dataset
3013 ,3013 ,dataset
3014 ,3014 ,dataset
3015 ,3015 ,dataset
3016 ,3016 ,dataset
3017 ,3017 ,dataset
3018 ,3018 ,dataset
3019 ,3019 ,dataset
3020 ,3020 ,dataset
3021 ,3021 ,dataset
3022 ,3022 ,dataset
3023 ,3023 ,dataset
3024 ,3024 ,dataset
3025 ,3025 ,dataset
3026 ,3026 ,dataset
3027 ,3027 ,dataset
3028 ,3028 ,dataset
3029 ,3029 ,dataset
3030 ,3030 ,dataset
3031 ,3031 ,dataset
3032 ,3032 ,dataset
3033 ,3033 ,dataset
3034 ,3034 ,dataset
3035 ,3035 ,dataset
3036 ,3036 ,dataset
3037 ,3037 ,dataset
3038 ,3038 ,dataset
3039 ,3039 ,dataset
3040 ,3040 ,dataset
3041 ,3041 ,dataset
3042 ,3042 ,dataset
3043 ,3043 ,dataset
3044 ,3044 ,dataset
3045 ,3045 ,dataset
3046 ,3046 ,dataset
3047 ,3047 ,dataset
3048 ,3048 ,dataset
3049 ,3049 ,dataset
3050 ,3050 ,dataset
3051 ,3051 ,dataset
3052 ,3052 ,dataset
3053 ,3053 ,dataset
3054 ,3054 ,dataset
3055 ,3055 ,dataset
3056 ,3056 ,dataset
3057 ,3057 ,dataset
3058 ,3058 ,dataset
3059 ,3059 ,dataset
3060 ,3060 ,dataset
3061 ,3061 ,dataset
3062 ,3062 ,dataset
3063 ,3063 ,dataset
3064 ,3064 ,dataset
3065 ,3065 ,dataset
3066 ,3066 ,dataset
3067 ,3067 ,dataset
3068 ,3068 ,dataset
3069 ,3069 ,dataset
3070 ,3070 ,dataset
3071 ,3071 ,dataset
3072 ,3072 ,dataset
3073 ,3073 ,dataset
3074 ,3074 ,dataset
3075 ,3075 ,dataset
3076 ,3076 ,dataset
3077 ,3077 ,dataset
3078 ,3078 ,dataset
3079 ,3079 ,dataset
3080 ,3080 ,dataset
3081 ,3081 ,dataset
3082 ,3082 ,dataset
3083 ,3083 ,dataset
3084 ,3084 ,dataset
3085 ,3085 ,dataset
3086 ,3086 ,dataset
3087 ,3087 ,dataset
3088 ,3088 ,dataset
3089 ,3089 ,dataset
3090 ,3090 ,dataset
3091 ,3091 ,dataset
3092 ,3092 ,dataset
3093 ,3093 ,dataset
3094 ,3094 ,dataset
3095 ,3095 ,dataset
3096 ,3096 ,dataset
3097 ,3097 ,dataset
3098 ,3098 ,dataset
3099 ,3099 ,dataset
3100 ,3100 ,dataset
3101 ,3101 ,dataset
3102 ,3102 ,dataset
3103 ,3103 ,dataset
3104 ,3104 ,dataset
3105 ,3105 ,dataset
3106 ,3106 ,dataset
3107 ,3107 ,dataset
3108 ,3108 ,dataset
3109 ,3109 ,dataset
3110 ,3110 ,dataset
3111 ,3111 ,dataset
3112 ,3112 ,dataset
3113 ,3113 ,dataset
3114 ,3114 ,dataset
3115 ,3115 ,dataset
3116 ,3116 ,dataset
3117 ,3117 ,dataset
3118 ,3118 ,dataset
3119 ,3119 ,dataset
3120 ,3120 ,dataset
3121 ,3121 ,dataset
3122 ,3122 ,dataset
3123 ,3123 ,dataset
3124 ,3124 ,dataset
3125 ,3125 ,dataset
3126 ,3126 ,dataset
3127 ,3127 ,dataset
3128 ,3128 ,dataset
3129 ,3129 ,dataset
3130 ,3130 ,dataset
3131 ,3131 ,dataset
3132 ,3132 ,dataset
3133 ,3133 ,dataset
3134 ,3134 ,dataset
3135 ,3135 ,dataset
3136 ,3136 ,dataset
3137 ,3137 ,dataset
3138 ,3138 ,dataset
3139 ,3139 ,dataset
3140 ,3140 ,dataset
3141 ,3141 ,dataset
3142 ,3142 ,dataset
3143 ,3143 ,dataset
3144 ,3144 ,dataset
3145 ,3145 ,dataset
3146 ,3146 ,dataset
3147 ,3147 ,dataset
3148 ,3148 ,dataset
3149 ,3149 ,dataset
3150 ,3150 ,dataset
3151 ,3151 ,dataset
3152 ,3152 ,dataset
3153 ,3153 ,dataset
3154 ,3154 ,dataset
3155 ,3155 ,dataset
3156 ,3156 ,dataset
3157 ,3157 ,dataset
3158 ,3158 ,dataset
3159 ,3159 ,dataset
3160 ,3160 ,dataset
3161 ,3161 ,dataset
3162 ,3162 ,dataset
3163 ,3163 ,dataset
3164 ,3164 ,dataset
3165 ,3165 ,dataset
3166 ,3166 ,dataset
3167 ,3167 ,dataset
3168 ,3168 ,dataset
3169 ,3169 ,dataset
3170 ,3170 ,dataset
3171 ,3171 ,dataset
3172 ,3172 ,dataset
3173 ,3173 ,dataset
3174 ,3174 ,dataset
3175 ,3175 ,dataset
3176 ,3176 ,dataset
3177 ,3177 ,dataset
3178 ,3178 ,dataset
3179 ,3179 ,dataset
3180 ,3180 ,dataset
3181 ,3181 ,dataset
3182 ,3182 ,dataset
3183 ,3183 ,dataset
3184 ,3184 ,dataset
3185 ,3185 ,dataset
3186 ,3186 ,dataset
3187 ,3187 ,dataset
3188 ,3188 ,dataset
3189 ,3189 ,dataset
3190 ,3190 ,dataset
3191 ,3191 ,dataset
3192 ,3192 ,dataset
3193 ,3193 ,dataset
3194 ,3194 ,dataset
3195 ,3195 ,dataset
3196 ,3196 ,dataset
3197 ,3197 ,dataset
3198 ,3198 ,dataset
3199 ,3199 ,dataset
3200 ,3200 ,dataset
3201 ,3201 ,dataset
3202 ,3202 ,dataset
3203 ,3203 ,dataset
3204 ,3204 ,dataset
3205 ,3205 ,dataset
3206 ,3206 ,dataset
3207 ,3207 ,dataset
3208 ,3208 ,dataset
3209 ,3209 ,dataset
3210 ,3210 ,dataset
3211 ,3211 ,dataset
3212 ,3212 ,dataset
3213 ,3213 ,dataset
3214 ,3214 ,dataset
3215 ,3215 ,dataset
3216 ,3216 ,dataset
3217 ,3217 ,dataset
3218 ,3218 ,dataset
3219 ,3219 ,dataset
3220 ,3220 ,dataset
3221 ,3221 ,dataset
3222 ,3222 ,dataset
3223 ,3223 ,dataset
3224 ,3224 ,dataset
3225 ,3225 ,dataset
3226 ,3226 ,dataset
3227 ,3227 ,dataset
3228 ,3228 ,dataset
3229 ,3229 ,dataset
3230 ,3230 ,dataset
3231 ,3231 ,dataset
3232 ,3232 ,dataset
3233 ,3233 ,dataset
3234 ,3234 ,dataset
3235 ,3235 ,dataset
3236 ,3236 ,dataset
3237 ,3237 ,dataset
3238 ,3238 ,dataset
3239 ,3239 ,dataset
3240 ,3240 ,dataset
3241 ,3241 ,dataset
3242 ,3242 ,dataset
3243 ,3243 ,dataset
3244 ,3244 ,dataset
3245 ,3245 ,dataset
3246 ,3246 ,dataset
3247 ,3247 ,dataset
3248 ,3248 ,dataset
3249 ,3249 ,dataset
3250 ,3250 ,dataset
3251 ,3251 ,dataset
3253 ,3253 ,dataset
3254 ,3254 ,dataset
3255 ,3255 ,dataset
3256 ,3256 ,dataset
3257 ,3257 ,dataset
3258 ,3258 ,dataset
3259 ,3259 ,dataset
3260 ,3260 ,dataset
3261 ,3261 ,dataset
3262 ,3262 ,dataset
3263 ,3263 ,dataset
3264 ,3264 ,dataset
3265 ,3265 ,dataset
3266 ,3266 ,dataset
3267 ,3267 ,dataset
3268 ,3268 ,dataset
3269 ,3269 ,dataset
3270 ,3270 ,dataset
3271 ,3271 ,dataset
3272 ,3272 ,dataset
3273 ,3273 ,dataset
3274 ,3274 ,dataset
3275 ,3275 ,dataset
3276 ,3276 ,dataset
3277 ,3277 ,dataset
3278 ,3278 ,dataset
3279 ,3279 ,dataset
3280 ,3280 ,dataset
3281 ,3281 ,dataset
3282 ,3282 ,dataset
3283 ,3283 ,dataset
3302 ,3302 ,dataset
3304 ,3304 ,dataset
3305 ,3305 ,dataset
3306 ,3306 ,dataset
3307 ,3307 ,dataset
3308 ,3308 ,dataset
3309 ,3309 ,dataset
3310 ,3310 ,dataset
3311 ,3311 ,dataset
3312 ,3312 ,dataset
3313 ,3313 ,dataset
3314 ,3314 ,dataset
3315 ,3315 ,dataset
3316 ,3316 ,dataset
3317 ,3317 ,dataset
3318 ,3318 ,dataset
3319 ,3319 ,dataset
3320 ,3320 ,dataset
3323 ,3323 ,dataset
3324 ,3324 ,dataset
3325 ,3325 ,dataset
3326 ,3326 ,dataset
3331 ,3331 ,dataset
3332 ,3332 ,dataset
3333 ,3333 ,dataset
3334 ,3334 ,dataset
3335 ,3335 ,dataset
3336 ,3336 ,dataset
3337 ,3337 ,dataset
3338 ,3338 ,dataset
3341 ,3341 ,dataset
3342 ,3342 ,dataset
3363 ,3363 ,dataset
3364 ,3364 ,dataset
3365 ,3365 ,dataset
3366 ,3366 ,dataset
3367 ,3367 ,dataset
3368 ,3368 ,dataset
3369 ,3369 ,dataset
3370 ,3370 ,dataset
3371 ,3371 ,dataset
3372 ,3372 ,dataset
3373 ,3373 ,dataset
3374 ,3374 ,dataset
3375 ,3375 ,dataset
3376 ,3376 ,dataset
3383 ,3383 ,dataset
3385 ,3385 ,dataset
3386 ,3386 ,dataset
3387 ,3387 ,dataset
3388 ,3388 ,dataset
3389 ,3389 ,dataset
3390 ,3390 ,dataset
3391 ,3391 ,dataset
3392 ,3392 ,dataset
3393 ,3393 ,dataset
3394 ,3394 ,dataset
3395 ,3395 ,dataset
3396 ,3396 ,dataset
3397 ,3397 ,dataset
3398 ,3398 ,dataset
3399 ,3399 ,dataset
3400 ,3400 ,dataset
3401 ,3401 ,dataset
3402 ,3402 ,dataset
3403 ,3403 ,dataset
3404 ,3404 ,dataset
3405 ,3405 ,dataset
3406 ,3406 ,dataset
3407 ,3407 ,dataset
3408 ,3408 ,dataset
3409 ,3409 ,dataset
3410 ,3410 ,dataset
3411 ,3411 ,dataset
3412 ,3412 ,dataset
3413 ,3413 ,dataset
3414 ,3414 ,dataset
3415 ,3415 ,dataset
3416 ,3416 ,dataset
3417 ,3417 ,dataset
3418 ,3418 ,dataset
3419 ,3419 ,dataset
3420 ,3420 ,dataset
3421 ,3421 ,dataset
3422 ,3422 ,dataset
3423 ,3423 ,dataset
3424 ,3424 ,dataset
3425 ,3425 ,dataset
3426 ,3426 ,dataset
3427 ,3427 ,dataset
3428 ,3428 ,dataset
3429 ,3429 ,dataset
3430 ,3430 ,dataset
3431 ,3431 ,dataset
3432 ,3432 ,dataset
3433 ,3433 ,dataset
3434 ,3434 ,dataset
3435 ,3435 ,dataset
3436 ,3436 ,dataset
3437 ,3437 ,dataset
3438 ,3438 ,dataset
3439 ,3439 ,dataset
3440 ,3440 ,dataset
3441 ,3441 ,dataset
3442 ,3442 ,dataset
3443 ,3443 ,dataset
3444 ,3444 ,dataset
3445 ,3445 ,dataset
3446 ,3446 ,dataset
3447 ,3447 ,dataset
3448 ,3448 ,dataset
3449 ,3449 ,dataset
3450 ,3450 ,dataset
3451 ,3451 ,dataset
3452 ,3452 ,dataset
3453 ,3453 ,dataset
3454 ,3454 ,dataset
3455 ,3455 ,dataset
3456 ,3456 ,dataset
3457 ,3457 ,dataset
3458 ,3458 ,dataset
3459 ,3459 ,dataset
3460 ,3460 ,dataset
3461 ,3461 ,dataset
3462 ,3462 ,dataset
3463 ,3463 ,dataset
3464 ,3464 ,dataset
3465 ,3465 ,dataset
3466 ,3466 ,dataset
3467 ,3467 ,dataset
3468 ,3468 ,dataset
3469 ,3469 ,dataset
3470 ,3470 ,dataset
3471 ,3471 ,dataset
3472 ,3472 ,dataset
3473 ,3473 ,dataset
3474 ,3474 ,dataset
3475 ,3475 ,dataset
3476 ,3476 ,dataset
3477 ,3477 ,dataset
3478 ,3478 ,dataset
3479 ,3479 ,dataset
3480 ,3480 ,dataset
3481 ,3481 ,dataset
3482 ,3482 ,dataset
3483 ,3483 ,dataset
3484 ,3484 ,dataset
3485 ,3485 ,dataset
3486 ,3486 ,dataset
3487 ,3487 ,dataset
3488 ,3488 ,dataset
3489 ,3489 ,dataset
3490 ,3490 ,dataset
3491 ,3491 ,dataset
3492 ,3492 ,dataset
3493 ,3493 ,dataset
3494 ,3494 ,dataset
3495 ,3495 ,dataset
3496 ,3496 ,dataset
3497 ,3497 ,dataset
3498 ,3498 ,dataset
3499 ,3499 ,dataset
3500 ,3500 ,dataset
3501 ,3501 ,dataset
3502 ,3502 ,dataset
3503 ,3503 ,dataset
3504 ,3504 ,dataset
3505 ,3505 ,dataset
3506 ,3506 ,dataset
3507 ,3507 ,dataset
3508 ,3508 ,dataset
3509 ,3509 ,dataset
3510 ,3510 ,dataset
3511 ,3511 ,dataset
3512 ,3512 ,dataset
3513 ,3513 ,dataset
3514 ,3514 ,dataset
3515 ,3515 ,dataset
3516 ,3516 ,dataset
3517 ,3517 ,dataset
3518 ,3518 ,dataset
3519 ,3519 ,dataset
3520 ,3520 ,dataset
3521 ,3521 ,dataset
3522 ,3522 ,dataset
3523 ,3523 ,dataset
3524 ,3524 ,dataset
3525 ,3525 ,dataset
3526 ,3526 ,dataset
3527 ,3527 ,dataset
3528 ,3528 ,dataset
3529 ,3529 ,dataset
3530 ,3530 ,dataset
3531 ,3531 ,dataset
3532 ,3532 ,dataset
3533 ,3533 ,dataset
3534 ,3534 ,dataset
3535 ,3535 ,dataset
3536 ,3536 ,dataset
3537 ,3537 ,dataset
3538 ,3538 ,dataset
3539 ,3539 ,dataset
3540 ,3540 ,dataset
3541 ,3541 ,dataset
3542 ,3542 ,dataset
3543 ,3543 ,dataset
3544 ,3544 ,dataset
3545 ,3545 ,dataset
3546 ,3546 ,dataset
3547 ,3547 ,dataset
3548 ,3548 ,dataset
3549 ,3549 ,dataset
3550 ,3550 ,dataset
3551 ,3551 ,dataset
3552 ,3552 ,dataset
3553 ,3553 ,dataset
3554 ,3554 ,dataset
3555 ,3555 ,dataset
3556 ,3556 ,dataset
3557 ,3557 ,dataset
3558 ,3558 ,dataset
3559 ,3559 ,dataset
3560 ,3560 ,dataset
3561 ,3561 ,dataset
3562 ,3562 ,dataset
3563 ,3563 ,dataset
3564 ,3564 ,dataset
3565 ,3565 ,dataset
3566 ,3566 ,dataset
3567 ,3567 ,dataset
3568 ,3568 ,dataset
3569 ,3569 ,dataset
3570 ,3570 ,dataset
3571 ,3571 ,dataset
3572 ,3572 ,dataset
3573 ,3573 ,dataset
3574 ,3574 ,dataset
3581 ,3581 ,dataset
3586 ,3586 ,dataset
3590 ,3590 ,dataset
3591 ,3591 ,dataset
3592 ,3592 ,dataset
3593 ,3593 ,dataset
3594 ,3594 ,dataset
3595 ,3595 ,dataset
3596 ,3596 ,dataset
3597 ,3597 ,dataset
3598 ,3598 ,dataset
3599 ,3599 ,dataset
3600 ,3600 ,dataset
3601 ,3601 ,dataset
3602 ,3602 ,dataset
3603 ,3603 ,dataset
3604 ,3604 ,dataset
3605 ,3605 ,dataset
3606 ,3606 ,dataset
3607 ,3607 ,dataset
3608 ,3608 ,dataset
3609 ,3609 ,dataset
3610 ,3610 ,dataset
3611 ,3611 ,dataset
3612 ,3612 ,dataset
3613 ,3613 ,dataset
3614 ,3614 ,dataset
3615 ,3615 ,dataset
3616 ,3616 ,dataset
3617 ,3617 ,dataset
3618 ,3618 ,dataset
3619 ,3619 ,dataset
3620 ,3620 ,dataset
3621 ,3621 ,dataset
3622 ,3622 ,dataset
3623 ,3623 ,dataset
3624 ,3624 ,dataset
3625 ,3625 ,dataset
3626 ,3626 ,dataset
3627 ,3627 ,dataset
3628 ,3628 ,dataset
3629 ,3629 ,dataset
3630 ,3630 ,dataset
3631 ,3631 ,dataset
3632 ,3632 ,dataset
3633 ,3633 ,dataset
3634 ,3634 ,dataset
3635 ,3635 ,dataset
3636 ,3636 ,dataset
3637 ,3637 ,dataset
3638 ,3638 ,dataset
3639 ,3639 ,dataset
3640 ,3640 ,dataset
3641 ,3641 ,dataset
3642 ,3642 ,dataset
3643 ,3643 ,dataset
3644 ,3644 ,dataset
3645 ,3645 ,dataset
3646 ,3646 ,dataset
3647 ,3647 ,dataset
3648 ,3648 ,dataset
3649 ,3649 ,dataset
3650 ,3650 ,dataset
3651 ,3651 ,dataset
3652 ,3652 ,dataset
3653 ,3653 ,dataset
3654 ,3654 ,dataset
3655 ,3655 ,dataset
3656 ,3656 ,dataset
3657 ,3657 ,dataset
3665 ,3665 ,dataset
3666 ,3666 ,dataset
3667 ,3667 ,dataset
3668 ,3668 ,dataset
3669 ,3669 ,dataset
3670 ,3670 ,dataset
3671 ,3671 ,dataset
3672 ,3672 ,dataset
3673 ,3673 ,dataset
3674 ,3674 ,dataset
3675 ,3675 ,dataset
3676 ,3676 ,dataset
3677 ,3677 ,dataset
3678 ,3678 ,dataset
3679 ,3679 ,dataset
3680 ,3680 ,dataset
3722 ,3722 ,dataset
3723 ,3723 ,dataset
3725 ,3725 ,dataset
3726 ,3726 ,dataset
3727 ,3727 ,dataset
3728 ,3728 ,dataset
3729 ,3729 ,dataset
3730 ,3730 ,dataset
3731 ,3731 ,dataset
3732 ,3732 ,dataset
3733 ,3733 ,dataset
3734 ,3734 ,dataset
3735 ,3735 ,dataset
3736 ,3736 ,dataset
3737 ,3737 ,dataset
3738 ,3738 ,dataset
3745 ,3745 ,dataset
3747 ,3747 ,dataset
3748 ,3748 ,dataset
3749 ,3749 ,dataset
3751 ,3751 ,dataset
3752 ,3752 ,dataset
3753 ,3753 ,dataset
3757 ,3757 ,dataset
3758 ,3758 ,dataset
3759 ,3759 ,dataset
3760 ,3760 ,dataset
3761 ,3761 ,dataset
3762 ,3762 ,dataset
3763 ,3763 ,dataset
3764 ,3764 ,dataset
3765 ,3765 ,dataset
3766 ,3766 ,dataset
3767 ,3767 ,dataset
3768 ,3768 ,dataset
3769 ,3769 ,dataset
3770 ,3770 ,dataset
3771 ,3771 ,dataset
3772 ,3772 ,dataset
3773 ,3773 ,dataset
3774 ,3774 ,dataset
3775 ,3775 ,dataset
3776 ,3776 ,dataset
3777 ,3777 ,dataset
3778 ,3778 ,dataset
3779 ,3779 ,dataset
3780 ,3780 ,dataset
3781 ,3781 ,dataset
3782 ,3782 ,dataset
3783 ,3783 ,dataset
3784 ,3784 ,dataset
3785 ,3785 ,dataset
3786 ,3786 ,dataset
3787 ,3787 ,dataset
3788 ,3788 ,dataset
3789 ,3789 ,dataset
3790 ,3790 ,dataset
3791 ,3791 ,dataset
3792 ,3792 ,dataset
3793 ,3793 ,dataset
3794 ,3794 ,dataset
3795 ,3795 ,dataset
3796 ,3796 ,dataset
3797 ,3797 ,dataset
3798 ,3798 ,dataset
3799 ,3799 ,dataset
3800 ,3800 ,dataset
3801 ,3801 ,dataset
3802 ,3802 ,dataset
3803 ,3803 ,dataset
3804 ,3804 ,dataset
3805 ,3805 ,dataset
3806 ,3806 ,dataset
3807 ,3807 ,dataset
3808 ,3808 ,dataset
3809 ,3809 ,dataset
3810 ,3810 ,dataset
3815 ,3815 ,dataset
3816 ,3816 ,dataset
3819 ,3819 ,dataset
3820 ,3820 ,dataset
3821 ,3821 ,dataset
3822 ,3822 ,dataset
3823 ,3823 ,dataset
3824 ,3824 ,dataset
3825 ,3825 ,dataset
3826 ,3826 ,dataset
3827 ,3827 ,dataset
3828 ,3828 ,dataset
3829 ,3829 ,dataset
3830 ,3830 ,dataset
3831 ,3831 ,dataset
3832 ,3832 ,dataset
3833 ,3833 ,dataset
3834 ,3834 ,dataset
3835 ,3835 ,dataset
3836 ,3836 ,dataset
3837 ,3837 ,dataset
3838 ,3838 ,dataset
3839 ,3839 ,dataset
3840 ,3840 ,dataset
3841 ,3841 ,dataset
3842 ,3842 ,dataset
3843 ,3843 ,dataset
3844 ,3844 ,dataset
3845 ,3845 ,dataset
3846 ,3846 ,dataset
3847 ,3847 ,dataset
3848 ,3848 ,dataset
3849 ,3849 ,dataset
3850 ,3850 ,dataset
3851 ,3851 ,dataset
3852 ,3852 ,dataset
3853 ,3853 ,dataset
3854 ,3854 ,dataset
3855 ,3855 ,dataset
3856 ,3856 ,dataset
3857 ,3857 ,dataset
3858 ,3858 ,dataset
3859 ,3859 ,dataset
3860 ,3860 ,dataset
3861 ,3861 ,dataset
3862 ,3862 ,dataset
3863 ,3863 ,dataset
3864 ,3864 ,dataset
3865 ,3865 ,dataset
3866 ,3866 ,dataset
3867 ,3867 ,dataset
3868 ,3868 ,dataset
3869 ,3869 ,dataset
3870 ,3870 ,dataset
3871 ,3871 ,dataset
3872 ,3872 ,dataset
3873 ,3873 ,dataset
3874 ,3874 ,dataset
3875 ,3875 ,dataset
3876 ,3876 ,dataset
3877 ,3877 ,dataset
3878 ,3878 ,dataset
3879 ,3879 ,dataset
3880 ,3880 ,dataset
3881 ,3881 ,dataset
3882 ,3882 ,dataset
3883 ,3883 ,dataset
3884 ,3884 ,dataset
3885 ,3885 ,dataset
3886 ,3886 ,dataset
3887 ,3887 ,dataset
3888 ,3888 ,dataset
3889 ,3889 ,dataset
3890 ,3890 ,dataset
3891 ,3891 ,dataset
3892 ,3892 ,dataset
3893 ,3893 ,dataset
3894 ,3894 ,dataset
3895 ,3895 ,dataset
3896 ,3896 ,dataset
3897 ,3897 ,dataset
3898 ,3898 ,dataset
3899 ,3899 ,dataset
3900 ,3900 ,dataset
3901 ,3901 ,dataset
3902 ,3902 ,dataset
3903 ,3903 ,dataset
3904 ,3904 ,dataset
3905 ,3905 ,dataset
3906 ,3906 ,dataset
3907 ,3907 ,dataset
3908 ,3908 ,dataset
3909 ,3909 ,dataset
3910 ,3910 ,dataset
3911 ,3911 ,dataset
3912 ,3912 ,dataset
3913 ,3913 ,dataset
3914 ,3914 ,dataset
3915 ,3915 ,dataset
3916 ,3916 ,dataset
3917 ,3917 ,dataset
3918 ,3918 ,dataset
3919 ,3919 ,dataset
3920 ,3920 ,dataset
3921 ,3921 ,dataset
3922 ,3922 ,dataset
3924 ,3924 ,dataset
3925 ,3925 ,dataset
3926 ,3926 ,dataset
3927 ,3927 ,dataset
3928 ,3928 ,dataset
3930 ,3930 ,dataset
3931 ,3931 ,dataset
3932 ,3932 ,dataset
3934 ,3934 ,dataset
3936 ,3936 ,dataset
3938 ,3938 ,dataset
3939 ,3939 ,dataset
3940 ,3940 ,dataset
3942 ,3942 ,dataset
3943 ,3943 ,dataset
3944 ,3944 ,dataset
3945 ,3945 ,dataset
3946 ,3946 ,dataset
3947 ,3947 ,dataset
3948 ,3948 ,dataset
3949 ,3949 ,dataset
3950 ,3950 ,dataset
3951 ,3951 ,dataset
3961 ,3961 ,dataset
3969 ,3969 ,dataset
3970 ,3970 ,dataset
3971 ,3971 ,dataset
3972 ,3972 ,dataset
3973 ,3973 ,dataset
3974 ,3974 ,dataset
3975 ,3975 ,dataset
3976 ,3976 ,dataset
3977 ,3977 ,dataset
3978 ,3978 ,dataset
3979 ,3979 ,dataset
3980 ,3980 ,dataset
3981 ,3981 ,dataset
3982 ,3982 ,dataset
3983 ,3983 ,dataset
3984 ,3984 ,dataset
3985 ,3985 ,dataset
3986 ,3986 ,dataset
3987 ,3987 ,dataset
3988 ,3988 ,dataset
3989 ,3989 ,dataset
3990 ,3990 ,dataset
3991 ,3991 ,dataset
3992 ,3992 ,dataset
3993 ,3993 ,dataset
3995 ,3995 ,dataset
3998 ,3998 ,dataset
3999 ,3999 ,dataset
4000 ,4000 ,dataset
4001 ,4001 ,dataset
4002 ,4002 ,dataset
4003 ,4003 ,dataset
4004 ,4004 ,dataset
4005 ,4005 ,dataset
4006 ,4006 ,dataset
4007 ,4007 ,dataset
4008 ,4008 ,dataset
4009 ,4009 ,dataset
4010 ,4010 ,dataset
4011 ,4011 ,dataset
4012 ,4012 ,dataset
4049 ,4049 ,dataset
4050 ,4050 ,dataset
4146 ,4146 ,dataset
4147 ,4147 ,dataset
4150 ,4150 ,dataset
4151 ,4151 ,dataset
4152 ,4152 ,dataset
4153 ,4153 ,dataset
4154 ,4154 ,dataset
4155 ,4155 ,dataset
4156 ,4156 ,dataset
4164 ,4164 ,dataset
4165 ,4165 ,dataset
4167 ,4167 ,dataset
4168 ,4168 ,dataset
4176 ,4176 ,dataset
4177 ,4177 ,dataset
4178 ,4178 ,dataset
4179 ,4179 ,dataset
4180 ,4180 ,dataset
4182 ,4182 ,dataset
4183 ,4183 ,dataset
4184 ,4184 ,dataset
4198 ,4198 ,dataset
4199 ,4199 ,dataset
4201 ,4201 ,dataset
4202 ,4202 ,dataset
4203 ,4203 ,dataset
4204 ,4204 ,dataset
4205 ,4205 ,dataset
4206 ,4206 ,dataset
4207 ,4207 ,dataset
4208 ,4208 ,dataset
4209 ,4209 ,dataset
4210 ,4210 ,dataset
4211 ,4211 ,dataset
4212 ,4212 ,dataset
4213 ,4213 ,dataset
4214 ,4214 ,dataset
4215 ,4215 ,dataset
4216 ,4216 ,dataset
4217 ,4217 ,dataset
4218 ,4218 ,dataset
4219 ,4219 ,dataset
4220 ,4220 ,dataset
4221 ,4221 ,dataset
4222 ,4222 ,dataset
4223 ,4223 ,dataset
4224 ,4224 ,dataset
4225 ,4225 ,dataset
4226 ,4226 ,dataset
4227 ,4227 ,dataset
4228 ,4228 ,dataset
4229 ,4229 ,dataset
4230 ,4230 ,dataset
4231 ,4231 ,dataset
4232 ,4232 ,dataset
4233 ,4233 ,dataset
4234 ,4234 ,dataset
4235 ,4235 ,dataset
4236 ,4236 ,dataset
4237 ,4237 ,dataset
4238 ,4238 ,dataset
4239 ,4239 ,dataset
4240 ,4240 ,dataset
4241 ,4241 ,dataset
4242 ,4242 ,dataset
4243 ,4243 ,dataset
4244 ,4244 ,dataset
4245 ,4245 ,dataset
4246 ,4246 ,dataset
4247 ,4247 ,dataset
4248 ,4248 ,dataset
4249 ,4249 ,dataset
4250 ,4250 ,dataset
4251 ,4251 ,dataset
4252 ,4252 ,dataset
4253 ,4253 ,dataset
4254 ,4254 ,dataset
4255 ,4255 ,dataset
4256 ,4256 ,dataset
4257 ,4257 ,dataset
4258 ,4258 ,dataset
4259 ,4259 ,dataset
4260 ,4260 ,dataset
4261 ,4261 ,dataset
4262 ,4262 ,dataset
4263 ,4263 ,dataset
4264 ,4264 ,dataset
4265 ,4265 ,dataset
4266 ,4266 ,dataset
4267 ,4267 ,dataset
4268 ,4268 ,dataset
4269 ,4269 ,dataset
4270 ,4270 ,dataset
4271 ,4271 ,dataset
4272 ,4272 ,dataset
4273 ,4273 ,dataset
4274 ,4274 ,dataset
4275 ,4275 ,dataset
4276 ,4276 ,dataset
4277 ,4277 ,dataset
4899 ,4899 ,dataset
4900 ,4900 ,dataset
4901 ,4901 ,dataset
4902 ,4902 ,dataset
4903 ,4903 ,dataset
4904 ,4904 ,dataset
4905 ,4905 ,dataset
4906 ,4906 ,dataset
4907 ,4907 ,dataset
4908 ,4908 ,dataset
4909 ,4909 ,dataset
4910 ,4910 ,dataset
4911 ,4911 ,dataset
4912 ,4912 ,dataset
4913 ,4913 ,dataset
4914 ,4914 ,dataset
4915 ,4915 ,dataset
4916 ,4916 ,dataset
4917 ,4917 ,dataset
4918 ,4918 ,dataset
4919 ,4919 ,dataset
4920 ,4920 ,dataset
4921 ,4921 ,dataset
4922 ,4922 ,dataset
4923 ,4923 ,dataset
4924 ,4924 ,dataset
4925 ,4925 ,dataset
4926 ,4926 ,dataset
4927 ,4927 ,dataset
4928 ,4928 ,dataset
4929 ,4929 ,dataset
4930 ,4930 ,dataset
4931 ,4931 ,dataset
4932 ,4932 ,dataset
4933 ,4933 ,dataset
4934 ,4934 ,dataset
4935 ,4935 ,dataset
4936 ,4936 ,dataset
4937 ,4937 ,dataset
4938 ,4938 ,dataset
4939 ,4939 ,dataset
4940 ,4940 ,dataset
4941 ,4941 ,dataset
4942 ,4942 ,dataset
4943 ,4943 ,dataset
4944 ,4944 ,dataset
4945 ,4945 ,dataset
4946 ,4946 ,dataset
4947 ,4947 ,dataset
4948 ,4948 ,dataset
4949 ,4949 ,dataset
4950 ,4950 ,dataset
4951 ,4951 ,dataset
4952 ,4952 ,dataset
4953 ,4953 ,dataset
4954 ,4954 ,dataset
4955 ,4955 ,dataset
4956 ,4956 ,dataset
4957 ,4957 ,dataset
4958 ,4958 ,dataset
4959 ,4959 ,dataset
4960 ,4960 ,dataset
4961 ,4961 ,dataset
4962 ,4962 ,dataset
4963 ,4963 ,dataset
4964 ,4964 ,dataset
4965 ,4965 ,dataset
4966 ,4966 ,dataset
4967 ,4967 ,dataset
4968 ,4968 ,dataset
4969 ,4969 ,dataset
4970 ,4970 ,dataset
4971 ,4971 ,dataset
4972 ,4972 ,dataset
4973 ,4973 ,dataset
4974 ,4974 ,dataset
4975 ,4975 ,dataset
4976 ,4976 ,dataset
4977 ,4977 ,dataset
4978 ,4978 ,dataset
4979 ,4979 ,dataset
4980 ,4980 ,dataset
4981 ,4981 ,dataset
4982 ,4982 ,dataset
4983 ,4983 ,dataset
4984 ,4984 ,dataset
4985 ,4985 ,dataset
4986 ,4986 ,dataset
4987 ,4987 ,dataset
4988 ,4988 ,dataset
4989 ,4989 ,dataset
4990 ,4990 ,dataset
4991 ,4991 ,dataset
4992 ,4992 ,dataset
4993 ,4993 ,dataset
4994 ,4994 ,dataset
4995 ,4995 ,dataset
4996 ,4996 ,dataset
4997 ,4997 ,dataset
4998 ,4998 ,dataset
4999 ,4999 ,dataset
5000 ,5000 ,dataset
5001 ,5001 ,dataset
5002 ,5002 ,dataset
5003 ,5003 ,dataset
5004 ,5004 ,dataset
5005 ,5005 ,dataset
5006 ,5006 ,dataset
5007 ,5007 ,dataset
5008 ,5008 ,dataset
5009 ,5009 ,dataset
5010 ,5010 ,dataset
5011 ,5011 ,dataset
5012 ,5012 ,dataset
5013 ,5013 ,dataset
5014 ,5014 ,dataset
5015 ,5015 ,dataset
5016 ,5016 ,dataset
5017 ,5017 ,dataset
5018 ,5018 ,dataset
5019 ,5019 ,dataset
5020 ,5020 ,dataset
5021 ,5021 ,dataset
5022 ,5022 ,dataset
5023 ,5023 ,dataset
5024 ,5024 ,dataset
5025 ,5025 ,dataset
5026 ,5026 ,dataset
5027 ,5027 ,dataset
5028 ,5028 ,dataset
5029 ,5029 ,dataset
5030 ,5030 ,dataset
5031 ,5031 ,dataset
5032 ,5032 ,dataset
5033 ,5033 ,dataset
5034 ,5034 ,dataset
5035 ,5035 ,dataset
5036 ,5036 ,dataset
5037 ,5037 ,dataset
5038 ,5038 ,dataset
5039 ,5039 ,dataset
5040 ,5040 ,dataset
5041 ,5041 ,dataset
5042 ,5042 ,dataset
5043 ,5043 ,dataset
5044 ,5044 ,dataset
5045 ,5045 ,dataset
5046 ,5046 ,dataset
5047 ,5047 ,dataset
5048 ,5048 ,dataset
5049 ,5049 ,dataset
5050 ,5050 ,dataset
5051 ,5051 ,dataset
5052 ,5052 ,dataset
5053 ,5053 ,dataset
5054 ,5054 ,dataset
5055 ,5055 ,dataset
5056 ,5056 ,dataset
5057 ,5057 ,dataset
5058 ,5058 ,dataset
5059 ,5059 ,dataset
5060 ,5060 ,dataset
5061 ,5061 ,dataset
5062 ,5062 ,dataset
5063 ,5063 ,dataset
5064 ,5064 ,dataset
5065 ,5065 ,dataset
5066 ,5066 ,dataset
5067 ,5067 ,dataset
5068 ,5068 ,dataset
5069 ,5069 ,dataset
5070 ,5070 ,dataset
5071 ,5071 ,dataset
5072 ,5072 ,dataset
5073 ,5073 ,dataset
5074 ,5074 ,dataset
5075 ,5075 ,dataset
5076 ,5076 ,dataset
5077 ,5077 ,dataset
5078 ,5078 ,dataset
5079 ,5079 ,dataset
5080 ,5080 ,dataset
5081 ,5081 ,dataset
5082 ,5082 ,dataset
5083 ,5083 ,dataset
5084 ,5084 ,dataset
5085 ,5085 ,dataset
5086 ,5086 ,dataset
5087 ,5087 ,dataset
5088 ,5088 ,dataset
5089 ,5089 ,dataset
5090 ,5090 ,dataset
5091 ,5091 ,dataset
5092 ,5092 ,dataset
5093 ,5093 ,dataset
5094 ,5094 ,dataset
5095 ,5095 ,dataset
5096 ,5096 ,dataset
5097 ,5097 ,dataset
5098 ,5098 ,dataset
5099 ,5099 ,dataset
5100 ,5100 ,dataset
5101 ,5101 ,dataset
5102 ,5102 ,dataset
5103 ,5103 ,dataset
5104 ,5104 ,dataset
5105 ,5105 ,dataset
5106 ,5106 ,dataset
5107 ,5107 ,dataset
5108 ,5108 ,dataset
5109 ,5109 ,dataset
5110 ,5110 ,dataset
5111 ,5111 ,dataset
5112 ,5112 ,dataset
5113 ,5113 ,dataset
5114 ,5114 ,dataset
5115 ,5115 ,dataset
5116 ,5116 ,dataset
5117 ,5117 ,dataset
5118 ,5118 ,dataset
5119 ,5119 ,dataset
5120 ,5120 ,dataset
5121 ,5121 ,dataset
5122 ,5122 ,dataset
5123 ,5123 ,dataset
5124 ,5124 ,dataset
5125 ,5125 ,dataset
5126 ,5126 ,dataset
5127 ,5127 ,dataset
5128 ,5128 ,dataset
5129 ,5129 ,dataset
5130 ,5130 ,dataset
5131 ,5131 ,dataset
5132 ,5132 ,dataset
5133 ,5133 ,dataset
5134 ,5134 ,dataset
